#,Title,Notes,Chat,Text Overlay,User Tags,Synergy Tags,Result,Duration,In Point,Out Point,Media In Point,Media Out Point,Team,Game,Date,Pd.,Clock,Player,Play Type,Play Call,Group,Synergy String
1,Juan Madrigal,AU@WWW - 11/18/2025 QTR: 2 CLK: 17:52,,Allow OREB,,,Miss 2 Pts,0:11.2,0:09.6,0:20.9,41:32.11,41:52.98,Aurora University,AU@WWW,11/19/2025,2,17:52,Juan Madrigal,,,,2 Juan Madrigal > ISO > Top > Drives Left > Dribble Jumper > Medium/17' to <3p > Miss 2 Pts
2,Cullen Rauls,AU@WWW - 11/18/2025 QTR: 2 CLK: 16:55,,Leaving our feet triggers us scrambling,,,Make 3 Pts,0:17.1,N/A,N/A,43:29.32,43:46.46,Aurora University,AU@WWW,11/19/2025,2,16:55,Cullen Rauls,,,,0 Cullen Rauls > Spot-Up > No Dribble Jumper > Open > Long/3pt > Make 3 Pts
3,Mekhi Doby,AU@WWW - 11/18/2025 QTR: 2,,"Backing up into BS, forcing us to Switch, Need a heavier RH Gap presence",,,Non Shooting Foul,0:19.9,N/A,N/A,44:30.59,44:50.46,Aurora University,AU@WWW,11/19/2025,2,,Mekhi Doby,,,,11 Mekhi Doby > Non Possession > Non Shooting Foul
4,Devon Richardson,AU@WWW - 11/18/2025 QTR: 2 CLK: 15:54,,Don't allow him to turn LS (NLS),,,Make 2 Pts,0:23.9,N/A,N/A,45:09.06,45:32.92,Aurora University,AU@WWW,11/19/2025,2,15:54,Devon Richardson,,,,22 Devon Richardson > Post-Up > Right Block > Left Shoulder > Dribble Move > To Basket > Make 2 Pts
5,Cullen Rauls,AU@WWW - 11/18/2025 QTR: 2,,Not cutting off RHD & a Foul,,,Non Shooting Foul,0:06.0,0:08.1,0:14.1,46:23.39,46:37.53,Aurora University,AU@WWW,11/19/2025,2,,Cullen Rauls,,,,0 Cullen Rauls > Non Possession > Non Shooting Foul
6,Devon Richardson,AU@WWW - 11/18/2025 QTR: 2 CLK: 14:52,,STAY DOWN VS SHOT & GIVE UP OREB,,,Miss 2 Pts,0:12.1,0:05.2,0:17.3,47:28.46,47:45.79,Aurora University,AU@WWW,11/19/2025,2,14:52,Devon Richardson,,,,22 Devon Richardson > Post-Up > Left Block > Right Shoulder > No Dribble Move > To Jumper > Miss 2 Pts
7,Zerrick Johnson,AU@WWW - 11/18/2025 QTR: 2 CLK: 14:02,,BETTER CLOSEOUT VS A HEAVY RHD & BEING READY TO SWITCH UP,,,Make 2 Pts,0:09.7,0:09.2,0:18.9,49:13.86,49:32.73,Aurora University,AU@WWW,11/19/2025,2,14:02,Zerrick Johnson,,,,13 Zerrick Johnson > P&R Ball Handler > High P&R > Dribble Off Pick > Dribble Jumper > Medium/17' to <3p > Make 2 Pts
8,Juan Madrigal,AU@WWW - 11/18/2025 QTR: 2 CLK: 11:56,,"GREAT COMMUNICATION ON BACKSIDE, BUT TOP GUY TAKES 2",,,Make 3 Pts,0:16.6,N/A,N/A,53:24.86,53:41.46,Aurora University,AU@WWW,11/19/2025,2,11:56,Juan Madrigal,,,,11 Mekhi Doby > P&R Ball Handler > Left P&R > Side > Dribble Off Pick > Defense Commits > Ball Delivered > 2 Juan Madrigal > Spot-Up > No Dribble Jumper > Guarded > Long/3pt > Make 3 Pts
9,Devon Richardson,AU@WWW - 11/18/2025 QTR: 2 CLK: 10:40,,FOUL,,,Foul,0:08.5,N/A,N/A,55:52.91,56:01.44,Aurora University,AU@WWW,11/19/2025,2,10:40,Devon Richardson,,,,22 Devon Richardson > No Play Type > Foul
10,Devon Richardson,AU@WWW - 11/18/2025 QTR: 2,,FOUL,,,Non Shooting Foul,0:21.3,N/A,N/A,54:12.06,54:33.39,Aurora University,AU@WWW,11/19/2025,2,,Devon Richardson,,,,22 Devon Richardson > Non Possession > Non Shooting Foul
11,Juan Madrigal,AU@WWW - 11/18/2025 QTR: 2 CLK: 10:14,,FOUL,,,Foul,0:07.1,0:05.3,0:12.5,56:50.51,57:02.98,Aurora University,AU@WWW,11/19/2025,2,10:14,Juan Madrigal,,,,2 Juan Madrigal > Transition > Ballhandler > Foul
12,Mekhi Doby,AU@WWW - 11/18/2025 QTR: 2 CLK: 09:34,,HE NEEDS TO SEE A GAP PRESENCE,,,Make 2 Pts,0:13.8,N/A,N/A,59:14.44,59:28.24,Aurora University,AU@WWW,11/19/2025,2,9:34,Mekhi Doby,,,,11 Mekhi Doby > Hand Off > From Dribble > Left > Dribble Jumper > Short to < 17' > Make 2 Pts
13,Mekhi Doby,AU@WWW - 11/18/2025 QTR: 2 CLK: 09:05,,BACKING UP INTO BS & FOUL,,,Foul,0:06.9,0:07.2,0:14.1,59:43.31,59:57.44,Aurora University,AU@WWW,11/19/2025,2,9:05,Mekhi Doby,,,,11 Mekhi Doby > P&R Ball Handler > High P&R > Go Away from Pick > Foul
14,Mekhi Doby,AU@WWW - 11/18/2025 QTR: 2 CLK: 09:00,,CONFUSION ON DEFENSIVE ROTATION,,,Make 2 Pts,0:16.7,N/A,N/A,1:01:19.44,1:01:36.11,Aurora University,AU@WWW,11/19/2025,2,9:00,Mekhi Doby,,,,0 Cullen Rauls > P&R Ball Handler > Right P&R > Side > Dribble Off Pick > Defense Commits > Ball Delivered > 11 Mekhi Doby > Spot-Up > Drives Left > Dribble Jumper > Medium/17' to <3p > Make 2 Pts
15,Zerrick Johnson,AU@WWW - 11/18/2025 QTR: 2 CLK: 08:21,,ALLOWING SPIN BACK TO HIS RH,,,Foul,0:19.4,N/A,N/A,1:01:49.71,1:02:09.11,Aurora University,AU@WWW,11/19/2025,2,8:21,Zerrick Johnson,,,,11 Mekhi Doby > ISO > Top > Defense Commits > Ball Delivered > 13 Zerrick Johnson > Spot-Up > Drives Left > To Basket > Foul
16,Zerrick Johnson,AU@WWW - 11/18/2025 QTR: 2 CLK: 07:51,,OREB,,,Miss 2 Pts,0:08.4,0:05.9,0:14.3,1:03:22.98,1:03:37.24,Aurora University,AU@WWW,11/19/2025,2,7:51,Zerrick Johnson,,,,13 Zerrick Johnson > Transition > Ballhandler > To Basket > Miss 2 Pts
17,Jeffery Hillmer,AU@WWW - 11/18/2025 QTR: 2 CLK: 07:07,,OREB,,,Miss 2 Pts,0:14.4,0:12.9,0:27.3,1:04:07.31,1:04:34.65,Aurora University,AU@WWW,11/19/2025,2,7:07,Jeffery Hillmer,,,,2 Juan Madrigal > P&R Ball Handler > Left P&R > Side > Dribble Off Pick > Defense Commits > Ball Delivered > 3 Jeffery Hillmer > P&R Roll Man > Rolls to Basket > Miss 2 Pts
18,Jeffery Hillmer,AU@WWW - 11/18/2025 QTR: 2 CLK: 06:46,,FOUL,,,Foul,0:06.3,N/A,N/A,1:04:44.78,1:04:51.05,Aurora University,AU@WWW,11/19/2025,2,6:46,Jeffery Hillmer,,,,3 Jeffery Hillmer > No Play Type > Foul
19,Devon Richardson,AU@WWW - 11/18/2025 QTR: 2 CLK: 05:47,,OREB,,,Make 2 Pts,0:10.2,N/A,N/A,1:06:33.45,1:06:43.65,Aurora University,AU@WWW,11/19/2025,2,5:47,Devon Richardson,,,,22 Devon Richardson > Offensive Rebound > Short > Scoring Attempt > At Basket > Make 2 Pts
20,Juan Madrigal,AU@WWW - 11/18/2025 QTR: 2 CLK: 04:53,,ZERO HAND ACTIVITY V. BALL SCREEN,,,Make 3 Pts,0:12.8,0:14.2,0:27.0,1:08:10.65,1:08:37.65,Aurora University,AU@WWW,11/19/2025,2,4:53,Juan Madrigal,,,,11 Mekhi Doby > P&R Ball Handler > Left P&R > Side > Dribble Off Pick > Defense Commits > Ball Delivered > 2 Juan Madrigal > Spot-Up > No Dribble Jumper > Guarded > Long/3pt > Make 3 Pts
21,Cullen Rauls,AU@WWW - 11/18/2025 QTR: 2 CLK: 04:24,,NOT STOPPING THE BALL & RHD,,,Make 2 Pts,0:07.8,0:06.4,0:14.2,1:08:53.18,1:09:07.38,Aurora University,AU@WWW,11/19/2025,2,4:24,Cullen Rauls,,,,0 Cullen Rauls > Transition > Ballhandler > To Basket > Make 2 Pts
22,Mekhi Doby,AU@WWW - 11/18/2025 QTR: 2 CLK: 03:25,,STAY DOWN V. SHOOTER,,,0 Pts,0:22.3,N/A,N/A,1:10:27.25,1:10:49.58,Aurora University,AU@WWW,11/19/2025,2,3:25,Mekhi Doby,,,,11 Mekhi Doby > ISO > Top > Drives Right > To Basket > Make 2 Pts Foul > 0 Pts
23,Cullen Rauls,AU@WWW - 11/18/2025 QTR: 2 CLK: 02:00,,NOT KEEPING LEFT V. FLAT BALL SCREEN,,,Make 2 Pts,0:11.9,N/A,N/A,1:13:26.25,1:13:38.18,Aurora University,AU@WWW,11/19/2025,2,2:00,Cullen Rauls,,,,0 Cullen Rauls > P&R Ball Handler > High P&R > Dribble Off Pick > To Basket > Make 2 Pts
24,Mekhi Doby,AU@WWW - 11/18/2025 QTR: 2 CLK: 01:15,,ANOTHER RHD & FOUL,,,Foul,0:09.7,N/A,N/A,1:16:58.05,1:17:07.72,Aurora University,AU@WWW,11/19/2025,2,1:15,Mekhi Doby,,,,11 Mekhi Doby > P&R Ball Handler > High P&R > Dribble Off Pick > To Basket > Foul
