opponent,stint_num,uww_lineup,opp_lineup,start_event_order,end_event_order,end_uww_score,end_opp_score,start_prev_uww_score,start_prev_opp_score,stint_seconds,n_events,uww_margin_change,stint_minutes
Aurora Spartans,1,"Brock Marino, Collin Madson, Isaac Verges, JR Lukenbill, Luke Bara","Cullen Rauls, Devon Richardson, Jeffery Hillmer, Juan Madrigal, Mekhi Doby",1,22,5.0,6.0,0.0,0.0,149.0,22,-1.0,2.48
Aurora Spartans,2,"Brock Marino, Collin Madson, JR Lukenbill, Joey Berezowitz, Luke Bara","Cullen Rauls, Devon Richardson, Jeffery Hillmer, Juan Madrigal, Mekhi Doby",23,30,5.0,8.0,5.0,6.0,44.0,8,-2.0,0.73
Aurora Spartans,3,"Brock Marino, Collin Madson, JR Lukenbill, Joey Berezowitz, Luke Bara","Devon Richardson, Gevon Grant, Jeffery Hillmer, Mekhi Doby, Zerrick Johnson",31,46,8.0,10.0,5.0,8.0,101.0,16,1.0,1.68
Aurora Spartans,4,"Brock Marino, Collin Madson, JR Lukenbill, Joey Berezowitz, Luke Bara","Gevon Grant, Jeffery Hillmer, Juan Madrigal, Larry Carthan, Zerrick Johnson",47,51,8.0,10.0,8.0,10.0,0.0,5,0.0,0.0
Aurora Spartans,5,"Collin Madson, Joey Berezowitz, Luke Bara, Rashad Rogers, Richie Warren","Gevon Grant, Jeffery Hillmer, Juan Madrigal, Larry Carthan, Zerrick Johnson",52,56,10.0,12.0,8.0,10.0,65.0,5,0.0,1.08
Aurora Spartans,6,"Collin Madson, Joey Berezowitz, Luke Bara, Rashad Rogers, Richie Warren","Cullen Rauls, Jeffery Hillmer, Juan Madrigal, Larry Carthan, Zerrick Johnson",57,61,10.0,12.0,10.0,12.0,15.0,5,0.0,0.25
Aurora Spartans,7,"Collin Madson, Joey Berezowitz, Luke Bara, Rashad Rogers, Richie Warren","Cullen Rauls, Juan Madrigal, Larry Carthan, Mekhi Doby, Robert Hutson",62,72,10.0,12.0,10.0,12.0,51.0,11,0.0,0.85
Aurora Spartans,8,"Jake Quast, Joey Berezowitz, Luke Bara, Rashad Rogers, Richie Warren","Cullen Rauls, Juan Madrigal, Larry Carthan, Mekhi Doby, Robert Hutson",73,89,14.0,14.0,10.0,12.0,55.0,17,2.0,0.92
Aurora Spartans,9,"Brock Marino, Darius Chestnut, Jake Quast, Joey Berezowitz, Richie Warren","Cullen Rauls, Juan Madrigal, Larry Carthan, Mekhi Doby, Robert Hutson",90,91,14.0,14.0,14.0,14.0,0.0,2,0.0,0.0
Aurora Spartans,10,"Brock Marino, Darius Chestnut, Jake Quast, Joey Berezowitz, Richie Warren","Cullen Rauls, Gevon Grant, Jeffery Hillmer, Larry Carthan, Mekhi Doby",92,102,17.0,14.0,14.0,14.0,51.0,11,3.0,0.85
Aurora Spartans,11,"Brock Marino, Darius Chestnut, Jake Quast, Joey Berezowitz, Richie Warren","Cullen Rauls, Jeffery Hillmer, Larry Carthan, Mekhi Doby, Zerrick Johnson",103,121,21.0,16.0,17.0,14.0,99.0,19,2.0,1.65
Aurora Spartans,12,"Brock Marino, Darius Chestnut, Jake Quast, Joey Berezowitz, Richie Warren","Cullen Rauls, Jeffery Hillmer, Juan Madrigal, Larry Carthan, Zerrick Johnson",122,123,21.0,16.0,21.0,16.0,0.0,2,0.0,0.0
Aurora Spartans,13,"Brock Marino, Darius Chestnut, Jake Quast, Luke Bara, Richie Warren","Cullen Rauls, Jeffery Hillmer, Juan Madrigal, Larry Carthan, Zerrick Johnson",124,128,21.0,16.0,21.0,16.0,21.0,5,0.0,0.35
Aurora Spartans,14,"Brock Marino, Collin Madson, Darius Chestnut, Luke Bara, Richie Warren","Cullen Rauls, Jeffery Hillmer, Juan Madrigal, Larry Carthan, Zerrick Johnson",129,142,22.0,16.0,21.0,16.0,62.0,14,1.0,1.03
Aurora Spartans,15,"Brock Marino, Collin Madson, Darius Chestnut, Luke Bara, Richie Warren","Cullen Rauls, Isaiah Thompson, Jeffery Hillmer, Juan Madrigal, Zerrick Johnson",143,161,22.0,19.0,22.0,16.0,49.0,19,-3.0,0.82
Aurora Spartans,16,"Brock Marino, Collin Madson, Darius Chestnut, Luke Bara, Richie Warren","Bryden Gryzmala, Isaiah Thompson, Jeffery Hillmer, Juan Madrigal, Mekhi Doby",162,173,22.0,19.0,22.0,19.0,60.0,12,0.0,1.0
Aurora Spartans,17,"Brock Marino, Collin Madson, JR Lukenbill, Joey Berezowitz, Kelton McEwen","Bryden Gryzmala, Isaiah Thompson, Jeffery Hillmer, Juan Madrigal, Mekhi Doby",174,199,30.0,26.0,22.0,19.0,134.0,26,1.0,2.23
Aurora Spartans,18,"Brock Marino, Collin Madson, JR Lukenbill, Joey Berezowitz, Kelton McEwen","Cullen Rauls, Isaiah Thompson, Jeffery Hillmer, Mekhi Doby, Robert Hutson",200,200,30.0,26.0,30.0,26.0,0.0,1,0.0,0.0
Aurora Spartans,19,"Collin Madson, JR Lukenbill, Joey Berezowitz, Kelton McEwen, Rashad Rogers","Cullen Rauls, Isaiah Thompson, Jeffery Hillmer, Mekhi Doby, Robert Hutson",201,213,35.0,27.0,30.0,26.0,85.0,13,4.0,1.42
Aurora Spartans,20,"Collin Madson, JR Lukenbill, Joey Berezowitz, Kelton McEwen, Rashad Rogers","Cullen Rauls, Isaiah Thompson, Jeffery Hillmer, Juan Madrigal, Mekhi Doby",214,218,35.0,28.0,35.0,27.0,0.0,5,-1.0,0.0
Aurora Spartans,21,"Collin Madson, Joey Berezowitz, Kelton McEwen, Rashad Rogers, Richie Warren","Cullen Rauls, Isaiah Thompson, Jeffery Hillmer, Juan Madrigal, Mekhi Doby",219,230,37.0,28.0,35.0,28.0,61.0,12,2.0,1.02
Aurora Spartans,22,"Collin Madson, Joey Berezowitz, Kelton McEwen, Rashad Rogers, Richie Warren","Isaiah Thompson, Jeffery Hillmer, Juan Madrigal, Mekhi Doby, Zerrick Johnson",231,239,43.0,28.0,37.0,28.0,91.0,9,6.0,1.52
Aurora Spartans,23,"Brock Marino, Collin Madson, Isaac Verges, JR Lukenbill, Luke Bara","Cullen Rauls, Devon Richardson, Jeffery Hillmer, Juan Madrigal, Mekhi Doby",242,266,53.0,33.0,43.0,28.0,180.0,25,5.0,3.0
Aurora Spartans,24,"Brock Marino, Collin Madson, Isaac Verges, JR Lukenbill, Luke Bara","Cullen Rauls, Devon Richardson, Jeffery Hillmer, Mekhi Doby, Zerrick Johnson",267,272,55.0,33.0,53.0,33.0,27.0,6,2.0,0.45
Aurora Spartans,25,"Brock Marino, Collin Madson, Isaac Verges, JR Lukenbill, Luke Bara","Cullen Rauls, Devon Richardson, Mekhi Doby, Robert Hutson, Zerrick Johnson",273,292,55.0,37.0,55.0,33.0,111.0,20,-4.0,1.85
Aurora Spartans,26,"Brock Marino, Collin Madson, Isaac Verges, JR Lukenbill, Kelton McEwen","Cullen Rauls, Devon Richardson, Mekhi Doby, Robert Hutson, Zerrick Johnson",293,294,55.0,37.0,55.0,37.0,0.0,2,0.0,0.0
Aurora Spartans,27,"Brock Marino, Collin Madson, Isaac Verges, JR Lukenbill, Kelton McEwen","Devon Richardson, Gevon Grant, Mekhi Doby, Robert Hutson, Zerrick Johnson",295,301,57.0,39.0,55.0,37.0,37.0,7,0.0,0.62
Aurora Spartans,28,"Brock Marino, Collin Madson, Isaac Verges, Kelton McEwen, Richie Warren","Devon Richardson, Gevon Grant, Mekhi Doby, Robert Hutson, Zerrick Johnson",302,308,59.0,39.0,57.0,39.0,51.0,7,2.0,0.85
Aurora Spartans,29,"Collin Madson, Isaac Verges, Kelton McEwen, Rashad Rogers, Richie Warren","Devon Richardson, Gevon Grant, Mekhi Doby, Robert Hutson, Zerrick Johnson",309,313,59.0,40.0,59.0,39.0,5.0,5,-1.0,0.08
Aurora Spartans,30,"Collin Madson, Joey Berezowitz, Kelton McEwen, Rashad Rogers, Richie Warren","Devon Richardson, Gevon Grant, Mekhi Doby, Robert Hutson, Zerrick Johnson",314,319,59.0,40.0,59.0,40.0,0.0,6,0.0,0.0
Aurora Spartans,31,"Collin Madson, Joey Berezowitz, Kelton McEwen, Rashad Rogers, Richie Warren","Devon Richardson, Jeffery Hillmer, Juan Madrigal, Larry Carthan, Mekhi Doby",320,349,65.0,44.0,59.0,40.0,181.0,30,2.0,3.02
Aurora Spartans,32,"Collin Madson, Joey Berezowitz, Kelton McEwen, Rashad Rogers, Richie Warren","Devon Richardson, Jeffery Hillmer, Juan Madrigal, Mekhi Doby, Zerrick Johnson",350,358,66.0,48.0,65.0,44.0,41.0,9,-3.0,0.68
Aurora Spartans,33,"Brock Marino, Collin Madson, Joey Berezowitz, Kelton McEwen, Richie Warren","Devon Richardson, Jeffery Hillmer, Juan Madrigal, Mekhi Doby, Zerrick Johnson",359,360,66.0,48.0,66.0,48.0,0.0,2,0.0,0.0
Aurora Spartans,34,"Brock Marino, Collin Madson, Joey Berezowitz, Kelton McEwen, Richie Warren","Cullen Rauls, Devon Richardson, Jeffery Hillmer, Mekhi Doby, Zerrick Johnson",361,363,66.0,48.0,66.0,48.0,1.0,3,0.0,0.02
Aurora Spartans,35,"Brock Marino, Collin Madson, Joey Berezowitz, Luke Bara, Richie Warren","Cullen Rauls, Devon Richardson, Jeffery Hillmer, Mekhi Doby, Zerrick Johnson",364,371,68.0,52.0,66.0,48.0,43.0,8,-2.0,0.72
Aurora Spartans,36,"Brock Marino, Collin Madson, Isaac Verges, Joey Berezowitz, Richie Warren","Cullen Rauls, Devon Richardson, Jeffery Hillmer, Mekhi Doby, Zerrick Johnson",372,384,70.0,54.0,68.0,52.0,66.0,13,0.0,1.1
Aurora Spartans,37,"Brock Marino, Collin Madson, Isaac Verges, Jake Quast, Joey Berezowitz","Cullen Rauls, Devon Richardson, Jeffery Hillmer, Mekhi Doby, Zerrick Johnson",385,386,70.0,54.0,70.0,54.0,0.0,2,0.0,0.0
Aurora Spartans,38,"Brock Marino, Collin Madson, Isaac Verges, Jake Quast, Joey Berezowitz","Cullen Rauls, Devon Richardson, Jeffery Hillmer, Juan Madrigal, Zerrick Johnson",387,397,70.0,57.0,70.0,54.0,29.0,11,-3.0,0.48
Aurora Spartans,39,"Brock Marino, Collin Madson, Isaac Verges, Jake Quast, Luke Bara","Cullen Rauls, Devon Richardson, Jeffery Hillmer, Juan Madrigal, Zerrick Johnson",398,408,70.0,59.0,70.0,57.0,74.0,11,-2.0,1.23
Aurora Spartans,40,"Brock Marino, Collin Madson, Isaac Verges, Jake Quast, Luke Bara","Cullen Rauls, Devon Richardson, Juan Madrigal, Mekhi Doby, Zerrick Johnson",409,423,70.0,64.0,70.0,59.0,87.0,15,-5.0,1.45
Aurora Spartans,41,"Brock Marino, Isaac Verges, JR Lukenbill, Jake Quast, Luke Bara","Cullen Rauls, Devon Richardson, Juan Madrigal, Mekhi Doby, Zerrick Johnson",424,425,70.0,64.0,70.0,64.0,0.0,2,0.0,0.0
Aurora Spartans,42,"Brock Marino, Isaac Verges, JR Lukenbill, Jake Quast, Luke Bara","Cullen Rauls, Juan Madrigal, Larry Carthan, Mekhi Doby, Zerrick Johnson",426,436,72.0,66.0,70.0,64.0,43.0,11,0.0,0.72
Aurora Spartans,43,"Brock Marino, Collin Madson, Isaac Verges, JR Lukenbill, Luke Bara","Cullen Rauls, Juan Madrigal, Larry Carthan, Mekhi Doby, Zerrick Johnson",437,443,72.0,66.0,72.0,66.0,39.0,7,0.0,0.65
Aurora Spartans,44,"Brock Marino, Collin Madson, Isaac Verges, JR Lukenbill, Luke Bara","Cullen Rauls, Devon Richardson, Juan Madrigal, Mekhi Doby, Zerrick Johnson",444,463,75.0,70.0,72.0,66.0,77.0,20,-1.0,1.28
Aurora Spartans,45,"Collin Madson, Isaac Verges, JR Lukenbill, Jake Quast, Luke Bara","Cullen Rauls, Devon Richardson, Juan Madrigal, Mekhi Doby, Zerrick Johnson",464,467,75.0,70.0,75.0,70.0,0.0,4,0.0,0.0
Aurora Spartans,46,"Collin Madson, Isaac Verges, JR Lukenbill, Jake Quast, Luke Bara","Jeffery Hillmer, Juan Madrigal, Larry Carthan, Mekhi Doby, Zerrick Johnson",468,472,77.0,70.0,75.0,70.0,0.0,5,2.0,0.0
Aurora Spartans,47,"Brock Marino, Collin Madson, Isaac Verges, JR Lukenbill, Luke Bara","Jeffery Hillmer, Juan Madrigal, Larry Carthan, Mekhi Doby, Zerrick Johnson",473,476,77.0,70.0,77.0,70.0,0.0,4,0.0,0.0
Aurora Spartans,48,"Brock Marino, Collin Madson, Isaac Verges, JR Lukenbill, Luke Bara","Cullen Rauls, Devon Richardson, Juan Madrigal, Mekhi Doby, Zerrick Johnson",477,482,77.0,71.0,77.0,70.0,11.0,6,-1.0,0.18
Aurora Spartans,49,"Collin Madson, Isaac Verges, JR Lukenbill, Jake Quast, Luke Bara","Cullen Rauls, Devon Richardson, Juan Madrigal, Mekhi Doby, Zerrick Johnson",483,486,77.0,71.0,77.0,71.0,0.0,4,0.0,0.0
Aurora Spartans,50,"Collin Madson, Isaac Verges, JR Lukenbill, Jake Quast, Luke Bara","Jeffery Hillmer, Juan Madrigal, Larry Carthan, Mekhi Doby, Zerrick Johnson",487,493,78.0,71.0,77.0,71.0,11.0,7,1.0,0.18
Aurora Spartans,51,"Collin Madson, Isaac Verges, JR Lukenbill, Jake Quast, Luke Bara","Cullen Rauls, Devon Richardson, Juan Madrigal, Mekhi Doby, Zerrick Johnson",494,501,80.0,71.0,78.0,71.0,15.0,8,2.0,0.25
Aurora Spartans,52,"Brock Marino, Collin Madson, Isaac Verges, JR Lukenbill, Luke Bara","Cullen Rauls, Devon Richardson, Juan Madrigal, Mekhi Doby, Zerrick Johnson",502,503,80.0,71.0,80.0,71.0,0.0,2,0.0,0.0
Aurora Spartans,53,"Brock Marino, Collin Madson, Isaac Verges, JR Lukenbill, Luke Bara","Devon Richardson, Jeffery Hillmer, Juan Madrigal, Mekhi Doby, Zerrick Johnson",504,511,82.0,73.0,80.0,71.0,16.0,8,0.0,0.27
Aurora Spartans,54,"Collin Madson, Isaac Verges, JR Lukenbill, Jake Quast, Luke Bara","Devon Richardson, Jeffery Hillmer, Juan Madrigal, Mekhi Doby, Zerrick Johnson",512,513,82.0,73.0,82.0,73.0,4.0,2,0.0,0.07
Elmhurst Bluejays,1,"Collin Madson, Isaac Verges, Luke Bara, Rashad Rogers, Richie Warren","Aidyn Boone, Dominic Trelenberg, Luke Smith, Sebastian Blachut, Vinnie Adjahoungbeta",1,24,10.0,3.0,0.0,0.0,195.0,24,7.0,3.25
Elmhurst Bluejays,2,"Collin Madson, Isaac Verges, Luke Bara, Rashad Rogers, Richie Warren","Aidyn Boone, Dominic Trelenberg, Luke Smith, Sebastian Blachut, Talen Pearson",25,26,10.0,3.0,10.0,3.0,0.0,2,0.0,0.0
Elmhurst Bluejays,3,"Brock Marino, Collin Madson, Isaac Verges, Luke Bara, Richie Warren","Aidyn Boone, Dominic Trelenberg, Luke Smith, Sebastian Blachut, Talen Pearson",27,28,10.0,3.0,10.0,3.0,21.0,2,0.0,0.35
Elmhurst Bluejays,4,"Brock Marino, Collin Madson, Isaac Verges, Luke Bara, Richie Warren","Aidyn Boone, Dominic Trelenberg, Jack Cherry, Sebastian Blachut, Talen Pearson",29,35,10.0,5.0,10.0,3.0,28.0,7,-2.0,0.47
Elmhurst Bluejays,5,"Brock Marino, Collin Madson, Isaac Verges, Luke Bara, Richie Warren","Dominic Trelenberg, Jack Cherry, Jeffrey Williams, Sebastian Blachut, Talen Pearson",36,57,14.0,12.0,10.0,5.0,181.0,22,-3.0,3.02
Elmhurst Bluejays,6,"Brock Marino, Collin Madson, Isaac Verges, Jake Quast, Luke Bara","Dominic Trelenberg, Jack Cherry, Jeffrey Williams, Sebastian Blachut, Talen Pearson",58,63,14.0,12.0,14.0,12.0,0.0,6,0.0,0.0
Elmhurst Bluejays,7,"Brock Marino, Collin Madson, Isaac Verges, Jake Quast, Luke Bara","EJ Marshall, Jack Cherry, Luke Smith, Talen Pearson, Vinnie Adjahoungbeta",64,65,14.0,12.0,14.0,12.0,0.0,2,0.0,0.0
Elmhurst Bluejays,8,"Brock Marino, Collin Madson, Jake Quast, Joey Berezowitz, Luke Bara","EJ Marshall, Jack Cherry, Luke Smith, Talen Pearson, Vinnie Adjahoungbeta",66,75,14.0,17.0,14.0,12.0,75.0,10,-5.0,1.25
Elmhurst Bluejays,9,"Brock Marino, Collin Madson, Darius Chestnut, Jake Quast, Joey Berezowitz","EJ Marshall, Jack Cherry, Luke Smith, Talen Pearson, Vinnie Adjahoungbeta",76,77,14.0,17.0,14.0,17.0,0.0,2,0.0,0.0
Elmhurst Bluejays,10,"Brock Marino, Collin Madson, Darius Chestnut, Jake Quast, Joey Berezowitz","Aidyn Boone, EJ Marshall, Jack Cherry, Luke Smith, Vinnie Adjahoungbeta",78,83,17.0,17.0,14.0,17.0,51.0,6,3.0,0.85
Elmhurst Bluejays,11,"Brock Marino, Collin Madson, Darius Chestnut, Jake Quast, Joey Berezowitz","Aidyn Boone, Dominic Trelenberg, EJ Marshall, Jack Cherry, Luke Smith",84,85,17.0,17.0,17.0,17.0,0.0,2,0.0,0.0
Elmhurst Bluejays,12,"Collin Madson, Darius Chestnut, Jake Quast, Joey Berezowitz, Richie Warren","Aidyn Boone, Dominic Trelenberg, EJ Marshall, Jack Cherry, Luke Smith",86,92,19.0,17.0,17.0,17.0,43.0,7,2.0,0.72
Elmhurst Bluejays,13,"Darius Chestnut, JR Lukenbill, Jake Quast, Joey Berezowitz, Richie Warren","Aidyn Boone, Dominic Trelenberg, EJ Marshall, Jack Cherry, Luke Smith",93,94,19.0,17.0,19.0,17.0,0.0,2,0.0,0.0
Elmhurst Bluejays,14,"Darius Chestnut, JR Lukenbill, Jake Quast, Joey Berezowitz, Richie Warren","Aidyn Boone, Dominic Trelenberg, EJ Marshall, Luke Smith, Sebastian Blachut",95,106,23.0,20.0,19.0,17.0,81.0,12,1.0,1.35
Elmhurst Bluejays,15,"JR Lukenbill, Jake Quast, Joey Berezowitz, Luke Bara, Richie Warren","Aidyn Boone, Dominic Trelenberg, EJ Marshall, Luke Smith, Sebastian Blachut",107,112,23.0,20.0,23.0,20.0,26.0,6,0.0,0.43
Elmhurst Bluejays,16,"JR Lukenbill, Jake Quast, Joey Berezowitz, Luke Bara, Richie Warren","Aidyn Boone, Dominic Trelenberg, Luke Smith, Sebastian Blachut, Talen Pearson",113,125,25.0,22.0,23.0,20.0,46.0,13,0.0,0.77
Elmhurst Bluejays,17,"Collin Madson, JR Lukenbill, Joey Berezowitz, Luke Bara, Richie Warren","Aidyn Boone, Dominic Trelenberg, Luke Smith, Sebastian Blachut, Talen Pearson",126,127,25.0,22.0,25.0,22.0,0.0,2,0.0,0.0
Elmhurst Bluejays,18,"Collin Madson, JR Lukenbill, Joey Berezowitz, Luke Bara, Richie Warren","Dominic Trelenberg, Jeffrey Williams, Luke Smith, Sebastian Blachut, Talen Pearson",128,144,32.0,29.0,25.0,22.0,114.0,17,0.0,1.9
Elmhurst Bluejays,19,"Collin Madson, Isaac Verges, JR Lukenbill, Luke Bara, Richie Warren","Dominic Trelenberg, Jeffrey Williams, Luke Smith, Sebastian Blachut, Talen Pearson",145,148,32.0,29.0,32.0,29.0,0.0,4,0.0,0.0
Elmhurst Bluejays,20,"Collin Madson, Isaac Verges, JR Lukenbill, Luke Bara, Richie Warren","Dominic Trelenberg, EJ Marshall, Jack Cherry, Jeffrey Williams, Sebastian Blachut",149,166,34.0,34.0,32.0,29.0,143.0,18,-3.0,2.38
Elmhurst Bluejays,21,"Collin Madson, Isaac Verges, JR Lukenbill, Jake Quast, Luke Bara","Dominic Trelenberg, EJ Marshall, Jack Cherry, Jeffrey Williams, Sebastian Blachut",167,178,37.0,36.0,34.0,34.0,66.0,12,1.0,1.1
Elmhurst Bluejays,22,"Collin Madson, Isaac Verges, JR Lukenbill, Jake Quast, Luke Bara","Dominic Trelenberg, EJ Marshall, Jack Cherry, Luke Smith, Sebastian Blachut",179,194,44.0,40.0,37.0,36.0,103.0,16,3.0,1.72
Elmhurst Bluejays,23,"Collin Madson, Isaac Verges, JR Lukenbill, Jake Quast, Richie Warren","Dominic Trelenberg, EJ Marshall, Jack Cherry, Luke Smith, Sebastian Blachut",195,198,46.0,40.0,44.0,40.0,22.0,4,2.0,0.37
Elmhurst Bluejays,24,"Collin Madson, Isaac Verges, Luke Bara, Rashad Rogers, Richie Warren","Aidyn Boone, Dominic Trelenberg, Luke Smith, Sebastian Blachut, Vinnie Adjahoungbeta",201,227,52.0,44.0,46.0,40.0,158.0,27,2.0,2.63
Elmhurst Bluejays,25,"Collin Madson, Isaac Verges, Luke Bara, Rashad Rogers, Richie Warren","Aidyn Boone, Dominic Trelenberg, Jack Cherry, Sebastian Blachut, Vinnie Adjahoungbeta",228,238,52.0,48.0,52.0,44.0,53.0,11,-4.0,0.88
Elmhurst Bluejays,26,"Brock Marino, Collin Madson, Isaac Verges, Luke Bara, Richie Warren","Aidyn Boone, Dominic Trelenberg, Jack Cherry, Sebastian Blachut, Vinnie Adjahoungbeta",239,258,52.0,48.0,52.0,48.0,118.0,20,0.0,1.97
Elmhurst Bluejays,27,"Brock Marino, Collin Madson, Joey Berezowitz, Luke Bara, Richie Warren","Aidyn Boone, Dominic Trelenberg, Jack Cherry, Sebastian Blachut, Vinnie Adjahoungbeta",259,262,52.0,48.0,52.0,48.0,0.0,4,0.0,0.0
Elmhurst Bluejays,28,"Brock Marino, Collin Madson, Joey Berezowitz, Luke Bara, Richie Warren","Aidyn Boone, Dominic Trelenberg, EJ Marshall, Jack Cherry, Talen Pearson",263,269,52.0,48.0,52.0,48.0,22.0,7,0.0,0.37
Elmhurst Bluejays,29,"Collin Madson, Jake Quast, Joey Berezowitz, Luke Bara, Richie Warren","Aidyn Boone, Dominic Trelenberg, EJ Marshall, Jack Cherry, Talen Pearson",270,271,52.0,48.0,52.0,48.0,0.0,2,0.0,0.0
Elmhurst Bluejays,30,"Collin Madson, Jake Quast, Joey Berezowitz, Luke Bara, Richie Warren","Dominic Trelenberg, EJ Marshall, Jack Cherry, Talen Pearson, Vinnie Adjahoungbeta",272,282,57.0,50.0,52.0,48.0,69.0,11,3.0,1.15
Elmhurst Bluejays,31,"Collin Madson, Jake Quast, Joey Berezowitz, Kelton McEwen, Richie Warren","Dominic Trelenberg, EJ Marshall, Jack Cherry, Talen Pearson, Vinnie Adjahoungbeta",283,289,58.0,50.0,57.0,50.0,13.0,7,1.0,0.22
Elmhurst Bluejays,32,"Collin Madson, Jake Quast, Joey Berezowitz, Kelton McEwen, Richie Warren","Dominic Trelenberg, EJ Marshall, Jack Cherry, Sebastian Blachut, Vinnie Adjahoungbeta",290,299,60.0,52.0,58.0,50.0,53.0,10,0.0,0.88
Elmhurst Bluejays,33,"Collin Madson, Jake Quast, Joey Berezowitz, Kelton McEwen, Richie Warren","Dominic Trelenberg, EJ Marshall, Luke Smith, Sebastian Blachut, Vinnie Adjahoungbeta",300,312,64.0,52.0,60.0,52.0,106.0,13,4.0,1.77
Elmhurst Bluejays,34,"Collin Madson, JR Lukenbill, Jake Quast, Joey Berezowitz, Kelton McEwen","Dominic Trelenberg, EJ Marshall, Luke Smith, Sebastian Blachut, Vinnie Adjahoungbeta",313,314,64.0,52.0,64.0,52.0,0.0,2,0.0,0.0
Elmhurst Bluejays,35,"Collin Madson, JR Lukenbill, Jake Quast, Joey Berezowitz, Kelton McEwen","Aidyn Boone, Dominic Trelenberg, Luke Smith, Sebastian Blachut, Vinnie Adjahoungbeta",315,328,67.0,53.0,64.0,52.0,93.0,14,2.0,1.55
Elmhurst Bluejays,36,"Collin Madson, JR Lukenbill, Jake Quast, Joey Berezowitz, Kelton McEwen","Aidyn Boone, Dominic Trelenberg, Jack Cherry, Sebastian Blachut, Vinnie Adjahoungbeta",329,342,69.0,54.0,67.0,53.0,75.0,14,1.0,1.25
Elmhurst Bluejays,37,"Collin Madson, Isaac Verges, JR Lukenbill, Jake Quast, Luke Bara","Aidyn Boone, Dominic Trelenberg, Jack Cherry, Sebastian Blachut, Vinnie Adjahoungbeta",343,357,72.0,56.0,69.0,54.0,46.0,15,1.0,0.77
Elmhurst Bluejays,38,"Collin Madson, Isaac Verges, JR Lukenbill, Jake Quast, Luke Bara","Aidyn Boone, Dominic Trelenberg, EJ Marshall, Sebastian Blachut, Talen Pearson",358,367,77.0,61.0,72.0,56.0,79.0,10,0.0,1.32
Elmhurst Bluejays,39,"Collin Madson, Isaac Verges, JR Lukenbill, Jake Quast, Luke Bara","Dominic Trelenberg, EJ Marshall, Sebastian Blachut, Talen Pearson, Vinnie Adjahoungbeta",368,369,77.0,61.0,77.0,61.0,0.0,2,0.0,0.0
Elmhurst Bluejays,40,"Collin Madson, Isaac Verges, JR Lukenbill, Jake Quast, Luke Bara","Dominic Trelenberg, Jack Cherry, Sebastian Blachut, Talen Pearson, Vinnie Adjahoungbeta",370,384,79.0,61.0,77.0,61.0,76.0,15,2.0,1.27
Elmhurst Bluejays,41,"Collin Madson, Isaac Verges, JR Lukenbill, Jake Quast, Luke Bara","Dominic Trelenberg, EJ Marshall, Jack Cherry, Sebastian Blachut, Vinnie Adjahoungbeta",385,389,82.0,61.0,79.0,61.0,12.0,5,3.0,0.2
Elmhurst Bluejays,42,"Collin Madson, Isaac Verges, JR Lukenbill, Jake Quast, Luke Bara","Aidyn Boone, Dominic Trelenberg, Jack Cherry, Sebastian Blachut, Vinnie Adjahoungbeta",390,391,82.0,61.0,82.0,61.0,4.0,2,0.0,0.07
Elmhurst Bluejays,43,"Collin Madson, Isaac Verges, JR Lukenbill, Jake Quast, Luke Bara","Dominic Trelenberg, Jack Cherry, Sebastian Blachut, Talen Pearson, Vinnie Adjahoungbeta",392,406,84.0,66.0,82.0,61.0,90.0,15,-3.0,1.5
Elmhurst Bluejays,44,"Collin Madson, Isaac Verges, JR Lukenbill, Jake Quast, Luke Bara","Dominic Trelenberg, EJ Marshall, Jack Cherry, Sebastian Blachut, Vinnie Adjahoungbeta",407,418,86.0,70.0,84.0,66.0,52.0,12,-2.0,0.87
Elmhurst Bluejays,45,"Collin Madson, Isaac Verges, JR Lukenbill, Jake Quast, Luke Bara","Aidyn Boone, Dominic Trelenberg, Jack Cherry, Sebastian Blachut, Vinnie Adjahoungbeta",419,427,88.0,72.0,86.0,70.0,49.0,9,0.0,0.82
Elmhurst Bluejays,46,"Collin Madson, Isaac Verges, JR Lukenbill, Jake Quast, Joey Berezowitz","Aidyn Boone, Dominic Trelenberg, Jack Cherry, Sebastian Blachut, Vinnie Adjahoungbeta",428,428,88.0,72.0,88.0,72.0,0.0,1,0.0,0.0
Eureka Red Devils_pbp.html,1,"Brock Marino, Collin Madson, Isaac Verges, JR Lukenbill, Luke Bara","Andrew Coker, Ben Carter, Colin DeLaere, Jaxson Provost, Micah Bruer",1,36,12.0,7.0,0.0,0.0,209.0,36,5.0,3.48
Eureka Red Devils_pbp.html,2,"Brock Marino, Collin Madson, Isaac Verges, Jake Quast, Luke Bara","Andrew Coker, Ben Carter, Colin DeLaere, Jaxson Provost, Micah Bruer",37,48,14.0,7.0,12.0,7.0,23.0,12,2.0,0.38
Eureka Red Devils_pbp.html,3,"Collin Madson, Darius Chestnut, Jake Quast, Joey Berezowitz, Rashad Rogers","Andrew Coker, Ben Carter, Colin DeLaere, Jaxson Provost, Micah Bruer",49,57,14.0,7.0,14.0,7.0,11.0,9,0.0,0.18
Eureka Red Devils_pbp.html,4,"Collin Madson, Darius Chestnut, Jake Quast, Joey Berezowitz, Rashad Rogers","Ben Carter, Colin DeLaere, Jacob Gonzalez, Jaxson Provost, Jonah Lauff",58,62,14.0,9.0,14.0,7.0,15.0,5,-2.0,0.25
Eureka Red Devils_pbp.html,5,"Collin Madson, Darius Chestnut, Jake Quast, Joey Berezowitz, Rashad Rogers","Ben Carter, Jacob Gonzalez, Jaxson Provost, Jonah Lauff, Max Richardson",63,75,16.0,13.0,14.0,9.0,85.0,13,-2.0,1.42
Eureka Red Devils_pbp.html,6,"Darius Chestnut, JR Lukenbill, Jake Quast, Joey Berezowitz, Rashad Rogers","Ben Carter, Jacob Gonzalez, Jaxson Provost, Jonah Lauff, Max Richardson",76,89,22.0,18.0,16.0,13.0,64.0,14,1.0,1.07
Eureka Red Devils_pbp.html,7,"Darius Chestnut, JR Lukenbill, Jake Quast, Joey Berezowitz, Rashad Rogers","Damuzha Moore, Jacob Gonzalez, Jaxson Provost, Jonah Lauff, Max Richardson",90,91,22.0,18.0,22.0,18.0,0.0,2,0.0,0.0
Eureka Red Devils_pbp.html,8,"Darius Chestnut, JR Lukenbill, Jake Quast, Joey Berezowitz, Rashad Rogers","Blake Logsdon, Damuzha Moore, Jacob Gonzalez, Jonah Lauff, Max Richardson",92,97,25.0,18.0,22.0,18.0,42.0,6,3.0,0.7
Eureka Red Devils_pbp.html,9,"Darius Chestnut, Jake Quast, Joey Berezowitz, Rashad Rogers, Richie Warren","Blake Logsdon, Damuzha Moore, Jacob Gonzalez, Jonah Lauff, Max Richardson",98,111,32.0,18.0,25.0,18.0,112.0,14,7.0,1.87
Eureka Red Devils_pbp.html,10,"Darius Chestnut, Jake Quast, Joey Berezowitz, Rashad Rogers, Richie Warren","Andrew Wells, Damuzha Moore, Jacob Gonzalez, Jaxson Provost, Jonah Lauff",112,122,34.0,18.0,32.0,18.0,38.0,11,2.0,0.63
Eureka Red Devils_pbp.html,11,"Darius Chestnut, Kelton McEwen, Mauryon Turner, Rashad Rogers, Richie Warren","Andrew Wells, Damuzha Moore, Jacob Gonzalez, Jaxson Provost, Jonah Lauff",123,124,34.0,18.0,34.0,18.0,0.0,2,0.0,0.0
Eureka Red Devils_pbp.html,12,"Brock Marino, Darius Chestnut, Kelton McEwen, Mauryon Turner, Richie Warren","Andrew Wells, Damuzha Moore, Jacob Gonzalez, Jaxson Provost, Jonah Lauff",125,136,36.0,23.0,34.0,18.0,95.0,12,-3.0,1.58
Eureka Red Devils_pbp.html,13,"Brock Marino, Darius Chestnut, Kelton McEwen, Mauryon Turner, Richie Warren","Andrew Wells, Ben Carter, Jaxson Provost, Jonah Lauff, Micah Bruer",137,137,36.0,23.0,36.0,23.0,0.0,1,0.0,0.0
Eureka Red Devils_pbp.html,14,"Brock Marino, Collin Madson, Kelton McEwen, Mauryon Turner, Richie Warren","Andrew Wells, Ben Carter, Jaxson Provost, Jonah Lauff, Micah Bruer",138,152,40.0,26.0,36.0,23.0,64.0,15,1.0,1.07
Eureka Red Devils_pbp.html,15,"Brock Marino, Collin Madson, Kelton McEwen, Mauryon Turner, Richie Warren","Andrew Coker, Ben Carter, Jaxson Provost, Jonah Lauff, Micah Bruer",153,183,48.0,26.0,40.0,26.0,118.0,31,8.0,1.97
Eureka Red Devils_pbp.html,16,"Brock Marino, Collin Madson, Kelton McEwen, Mauryon Turner, Richie Warren","Andrew Coker, Ben Carter, Colin DeLaere, Jacob Gonzalez, Nolan Kerr",184,185,48.0,26.0,48.0,26.0,0.0,2,0.0,0.0
Eureka Red Devils_pbp.html,17,"Brock Marino, Collin Madson, Isaac Verges, JR Lukenbill, Kelton McEwen","Andrew Coker, Ben Carter, Colin DeLaere, Jacob Gonzalez, Nolan Kerr",186,190,48.0,28.0,48.0,26.0,20.0,5,-2.0,0.33
Eureka Red Devils_pbp.html,18,"Brock Marino, Darius Chestnut, Isaac Verges, JR Lukenbill, Kelton McEwen","Andrew Coker, Ben Carter, Colin DeLaere, Jacob Gonzalez, Nolan Kerr",191,196,48.0,28.0,48.0,28.0,17.0,6,0.0,0.28
Eureka Red Devils_pbp.html,19,"Brock Marino, Darius Chestnut, Isaac Verges, JR Lukenbill, Luke Bara","Andrew Coker, Ben Carter, Colin DeLaere, Jacob Gonzalez, Nolan Kerr",197,226,58.0,34.0,48.0,28.0,200.0,30,4.0,3.33
Eureka Red Devils_pbp.html,20,"Brock Marino, Darius Chestnut, Isaac Verges, Luke Bara, Mauryon Turner","Andrew Coker, Ben Carter, Colin DeLaere, Jacob Gonzalez, Nolan Kerr",227,233,58.0,34.0,58.0,34.0,3.0,7,0.0,0.05
Eureka Red Devils_pbp.html,21,"Brock Marino, Darius Chestnut, Isaac Verges, Luke Bara, Mauryon Turner","Andrew Coker, Ben Carter, Jacob Gonzalez, Max Richardson, Nolan Kerr",234,248,62.0,36.0,58.0,34.0,80.0,15,2.0,1.33
Eureka Red Devils_pbp.html,22,"Brock Marino, Collin Madson, Isaac Verges, JR Lukenbill, Luke Bara","Andrew Coker, Ben Carter, Colin DeLaere, Jaxson Provost, Micah Bruer",251,274,70.0,41.0,62.0,36.0,145.0,24,3.0,2.42
Eureka Red Devils_pbp.html,23,"Brock Marino, JR Lukenbill, Jake Quast, Joey Berezowitz, Luke Bara","Andrew Coker, Ben Carter, Colin DeLaere, Jaxson Provost, Micah Bruer",275,315,81.0,45.0,70.0,41.0,174.0,41,7.0,2.9
Eureka Red Devils_pbp.html,24,"Brock Marino, JR Lukenbill, Jake Quast, Joey Berezowitz, Luke Bara","Ben Carter, Jacob Gonzalez, Jonah Lauff, Max Richardson, Micah Bruer",316,317,81.0,45.0,81.0,45.0,0.0,2,0.0,0.0
Eureka Red Devils_pbp.html,25,"Brock Marino, Darius Chestnut, Jake Quast, Joey Berezowitz, Richie Warren","Ben Carter, Jacob Gonzalez, Jonah Lauff, Max Richardson, Micah Bruer",318,330,85.0,45.0,81.0,45.0,73.0,13,4.0,1.22
Eureka Red Devils_pbp.html,26,"Brock Marino, Darius Chestnut, Jake Quast, Joey Berezowitz, Richie Warren","Ben Carter, Blake Logsdon, Jacob Gonzalez, Jonah Lauff, Max Richardson",331,332,85.0,45.0,85.0,45.0,0.0,2,0.0,0.0
Eureka Red Devils_pbp.html,27,"Darius Chestnut, Jake Quast, Joey Berezowitz, Rashad Rogers, Richie Warren","Ben Carter, Blake Logsdon, Jacob Gonzalez, Jonah Lauff, Max Richardson",333,358,93.0,53.0,85.0,45.0,204.0,26,0.0,3.4
Eureka Red Devils_pbp.html,28,"Darius Chestnut, Jake Quast, Joey Berezowitz, Rashad Rogers, Richie Warren","Blake Logsdon, Jacob Gonzalez, Jonah Lauff, Max Richardson, Zachy Qader",359,364,93.0,53.0,93.0,53.0,0.0,6,0.0,0.0
Eureka Red Devils_pbp.html,29,"Isaiah Robinson, Kelton McEwen, Rashad Rogers, Richie Warren, Trent Grunewald","Blake Logsdon, Jacob Gonzalez, Jonah Lauff, Max Richardson, Zachy Qader",365,373,95.0,53.0,93.0,53.0,28.0,9,2.0,0.47
Eureka Red Devils_pbp.html,30,"Isaiah Robinson, Kelton McEwen, Rashad Rogers, Richie Warren, Trent Grunewald","Blake Logsdon, Jacob Gonzalez, Max Richardson, Nicholaus Harris-Huntley, Zachy Qader",374,377,95.0,53.0,95.0,53.0,1.0,4,0.0,0.02
Eureka Red Devils_pbp.html,31,"Austin Ambrose, Isaiah Robinson, Kelton McEwen, Trent Grunewald, Tristian Lynch","Blake Logsdon, Jacob Gonzalez, Max Richardson, Nicholaus Harris-Huntley, Zachy Qader",378,390,95.0,54.0,95.0,53.0,77.0,13,-1.0,1.28
Eureka Red Devils_pbp.html,32,"Austin Ambrose, Isaiah Robinson, Kelton McEwen, Trent Grunewald, Tristian Lynch","Blake Logsdon, Joel Ewald, Max Richardson, Nicholaus Harris-Huntley, Zachy Qader",391,399,95.0,54.0,95.0,54.0,16.0,9,0.0,0.27
Eureka Red Devils_pbp.html,33,"Austin Ambrose, Isaiah Robinson, Kelton McEwen, Trent Grunewald, Tristian Lynch","Andrew Wells, Blake Logsdon, Joel Ewald, Nicholaus Harris-Huntley, Zachy Qader",400,417,97.0,56.0,95.0,54.0,104.0,18,0.0,1.73
Eureka Red Devils_pbp.html,34,"Agape Keyes Jr., Isaiah Robinson, Rashad Rogers, Trent Grunewald, Tristian Lynch","Andrew Wells, Blake Logsdon, Joel Ewald, Nicholaus Harris-Huntley, Zachy Qader",418,433,100.0,60.0,97.0,56.0,72.0,16,-1.0,1.2
Eureka Red Devils_pbp.html,35,"Agape Keyes Jr., Isaiah Robinson, Rashad Rogers, Trent Grunewald, Tristian Lynch","Andrew Wells, Dylan Logsdon, Joel Ewald, Mussie Hayelom, Zachy Qader",434,444,102.0,63.0,100.0,60.0,71.0,11,-1.0,1.18
Eureka Red Devils_pbp.html,36,"Agape Keyes Jr., Isaiah Robinson, Rashad Rogers, Trent Grunewald, Tristian Lynch","Amare Brokemond, Andrew Wells, Dylan Logsdon, Joel Ewald, Mussie Hayelom",445,446,102.0,63.0,102.0,63.0,0.0,2,0.0,0.0
Eureka Red Devils_pbp.html,37,"Agape Keyes Jr., Isaiah Robinson, Mikey Wildes, Rashad Rogers, Trent Grunewald","Amare Brokemond, Andrew Wells, Dylan Logsdon, Joel Ewald, Mussie Hayelom",447,450,102.0,64.0,102.0,63.0,0.0,4,-1.0,0.0
Eureka Red Devils_pbp.html,38,"Agape Keyes Jr., Isaiah Robinson, Mikey Wildes, Rashad Rogers, Trent Grunewald","Amare Brokemond, Dylan Logsdon, Joel Ewald, Mussie Hayelom, Nicholaus Harris-Huntley",451,472,108.0,68.0,102.0,64.0,111.0,22,2.0,1.85
Eureka Red Devils_pbp.html,39,"Agape Keyes Jr., Mikey Wildes, Rashad Rogers, Trent Grunewald, Zay Howard","Amare Brokemond, Dylan Logsdon, Joel Ewald, Mussie Hayelom, Nicholaus Harris-Huntley",473,494,116.0,73.0,108.0,68.0,113.0,22,3.0,1.88
Ripon Red Hawks_pbp.html,1,"Brock Marino, Collin Madson, Isaac Verges, JR Lukenbill, Luke Bara","CJ Brown, Kolby Williams, Michael Asman, Sam Leoni, Seth Bunders",1,55,4.0,12.0,0.0,0.0,368.0,55,-8.0,6.13
Ripon Red Hawks_pbp.html,2,"Brock Marino, Collin Madson, Isaac Verges, JR Lukenbill, Luke Bara","Jack Field, Jarton Davis, Kolby Williams, Sam Leoni, Seth Bunders",56,57,5.0,12.0,4.0,12.0,4.0,2,1.0,0.07
Ripon Red Hawks_pbp.html,3,"Brock Marino, Collin Madson, Darius Chestnut, Jake Quast, Joey Berezowitz","Jack Field, Jarton Davis, Kolby Williams, Sam Leoni, Seth Bunders",58,65,6.0,12.0,5.0,12.0,17.0,8,1.0,0.28
Ripon Red Hawks_pbp.html,4,"Brock Marino, Collin Madson, Darius Chestnut, Jake Quast, Joey Berezowitz","Isaac Knoll, Jack Field, Jarton Davis, Kolby Williams, Sam Leoni",66,71,6.0,12.0,6.0,12.0,58.0,6,0.0,0.97
Ripon Red Hawks_pbp.html,5,"Brock Marino, Collin Madson, Darius Chestnut, Jake Quast, Joey Berezowitz","Isaac Knoll, Jack Field, Jarton Davis, Michael Asman, Sam Leoni",72,76,6.0,12.0,6.0,12.0,0.0,5,0.0,0.0
Ripon Red Hawks_pbp.html,6,"Austin Ambrose, Darius Chestnut, JR Lukenbill, Jake Quast, Joey Berezowitz","Isaac Knoll, Jack Field, Jarton Davis, Michael Asman, Sam Leoni",77,77,6.0,12.0,6.0,12.0,0.0,1,0.0,0.0
Ripon Red Hawks_pbp.html,7,"Austin Ambrose, Darius Chestnut, JR Lukenbill, Jake Quast, Joey Berezowitz","CJ Brown, Jack Field, Jarton Davis, Michael Asman, Sam Leoni",78,99,9.0,15.0,6.0,12.0,89.0,22,0.0,1.48
Ripon Red Hawks_pbp.html,8,"Austin Ambrose, Darius Chestnut, JR Lukenbill, Jake Quast, Joey Berezowitz","Jarton Davis, Keenan Rahn, Kolby Williams, Michael Asman, Seth Bunders",100,104,9.0,17.0,9.0,15.0,39.0,5,-2.0,0.65
Ripon Red Hawks_pbp.html,9,"Austin Ambrose, Darius Chestnut, JR Lukenbill, Jake Quast, Joey Berezowitz","CJ Brown, Jarton Davis, Kolby Williams, Michael Asman, Seth Bunders",105,106,9.0,17.0,9.0,17.0,0.0,2,0.0,0.0
Ripon Red Hawks_pbp.html,10,"Austin Ambrose, Collin Madson, Darius Chestnut, JR Lukenbill, Joey Berezowitz","CJ Brown, Jarton Davis, Kolby Williams, Michael Asman, Seth Bunders",107,110,9.0,17.0,9.0,17.0,16.0,4,0.0,0.27
Ripon Red Hawks_pbp.html,11,"Austin Ambrose, Collin Madson, Darius Chestnut, Joey Berezowitz, Richie Warren","CJ Brown, Jarton Davis, Kolby Williams, Michael Asman, Seth Bunders",111,122,12.0,17.0,9.0,17.0,77.0,12,3.0,1.28
Ripon Red Hawks_pbp.html,12,"Austin Ambrose, Collin Madson, Darius Chestnut, Joey Berezowitz, Richie Warren","CJ Brown, Jack Field, Kolby Williams, Sam Leoni, Seth Bunders",123,123,12.0,17.0,12.0,17.0,0.0,1,0.0,0.0
Ripon Red Hawks_pbp.html,13,"Austin Ambrose, Collin Madson, Darius Chestnut, Isaac Verges, Richie Warren","CJ Brown, Jack Field, Kolby Williams, Sam Leoni, Seth Bunders",124,126,12.0,17.0,12.0,17.0,5.0,3,0.0,0.08
Ripon Red Hawks_pbp.html,14,"Brock Marino, Collin Madson, Darius Chestnut, Isaac Verges, Richie Warren","CJ Brown, Jack Field, Kolby Williams, Sam Leoni, Seth Bunders",127,135,12.0,17.0,12.0,17.0,31.0,9,0.0,0.52
Ripon Red Hawks_pbp.html,15,"Brock Marino, Collin Madson, Darius Chestnut, Isaac Verges, Richie Warren","CJ Brown, Jack Field, Michael Asman, Sam Leoni, Seth Bunders",136,146,14.0,18.0,12.0,17.0,54.0,11,1.0,0.9
Ripon Red Hawks_pbp.html,16,"Brock Marino, Collin Madson, Isaac Verges, Luke Bara, Richie Warren","CJ Brown, Jack Field, Michael Asman, Sam Leoni, Seth Bunders",147,192,25.0,26.0,14.0,18.0,294.0,46,3.0,4.9
Ripon Red Hawks_pbp.html,17,"Brock Marino, Collin Madson, Isaac Verges, Luke Bara, Richie Warren","Jake Thomsen, Jarton Davis, Kolby Williams, Michael Asman, Seth Bunders",193,199,27.0,26.0,25.0,26.0,20.0,7,2.0,0.33
Ripon Red Hawks_pbp.html,18,"Brock Marino, Collin Madson, Isaac Verges, JR Lukenbill, Luke Bara","Jake Thomsen, Jarton Davis, Kolby Williams, Michael Asman, Seth Bunders",200,205,27.0,26.0,27.0,26.0,27.0,6,0.0,0.45
Ripon Red Hawks_pbp.html,19,"Brock Marino, Collin Madson, Isaac Verges, JR Lukenbill, Luke Bara","CJ Brown, Jake Thomsen, Kolby Williams, Michael Asman, Seth Bunders",206,213,27.0,26.0,27.0,26.0,53.0,8,0.0,0.88
Ripon Red Hawks_pbp.html,20,"Brock Marino, Collin Madson, Isaac Verges, JR Lukenbill, Luke Bara","CJ Brown, Jack Field, Jake Thomsen, Michael Asman, Seth Bunders",214,215,27.0,26.0,27.0,26.0,0.0,2,0.0,0.0
Ripon Red Hawks_pbp.html,21,"Brock Marino, Collin Madson, Darius Chestnut, Isaac Verges, JR Lukenbill","CJ Brown, Jack Field, Jake Thomsen, Michael Asman, Seth Bunders",216,220,27.0,26.0,27.0,26.0,31.0,5,0.0,0.52
Ripon Red Hawks_pbp.html,22,"Brock Marino, Collin Madson, Darius Chestnut, Isaac Verges, JR Lukenbill","CJ Brown, Jack Field, Michael Asman, Sam Leoni, Seth Bunders",221,223,27.0,26.0,27.0,26.0,15.0,3,0.0,0.25
Ripon Red Hawks_pbp.html,23,"Brock Marino, Collin Madson, Isaac Verges, JR Lukenbill, Luke Bara","CJ Brown, Kolby Williams, Michael Asman, Sam Leoni, Seth Bunders",226,241,33.0,27.0,27.0,26.0,104.0,16,5.0,1.73
Ripon Red Hawks_pbp.html,24,"Brock Marino, Collin Madson, Isaac Verges, JR Lukenbill, Luke Bara","CJ Brown, Jarton Davis, Kolby Williams, Michael Asman, Seth Bunders",242,268,40.0,34.0,33.0,27.0,182.0,27,0.0,3.03
Ripon Red Hawks_pbp.html,25,"Brock Marino, Collin Madson, Isaac Verges, JR Lukenbill, Luke Bara","CJ Brown, Jack Field, Kolby Williams, Sam Leoni, Seth Bunders",269,269,40.0,34.0,40.0,34.0,0.0,1,0.0,0.0
Ripon Red Hawks_pbp.html,26,"Brock Marino, Collin Madson, Darius Chestnut, Isaac Verges, JR Lukenbill","CJ Brown, Jack Field, Kolby Williams, Sam Leoni, Seth Bunders",270,276,41.0,34.0,40.0,34.0,9.0,7,1.0,0.15
Ripon Red Hawks_pbp.html,27,"Brock Marino, Collin Madson, Darius Chestnut, Isaac Verges, Jake Quast","CJ Brown, Jack Field, Kolby Williams, Sam Leoni, Seth Bunders",277,286,41.0,36.0,41.0,34.0,71.0,10,-2.0,1.18
Ripon Red Hawks_pbp.html,28,"Austin Ambrose, Collin Madson, Darius Chestnut, Isaac Verges, Jake Quast","CJ Brown, Jack Field, Kolby Williams, Sam Leoni, Seth Bunders",287,288,41.0,36.0,41.0,36.0,0.0,2,0.0,0.0
Ripon Red Hawks_pbp.html,29,"Austin Ambrose, Collin Madson, Darius Chestnut, Isaac Verges, Jake Quast","Jack Field, Kolby Williams, Michael Asman, Sam Leoni, Seth Bunders",289,292,41.0,36.0,41.0,36.0,8.0,4,0.0,0.13
Ripon Red Hawks_pbp.html,30,"Austin Ambrose, Collin Madson, Darius Chestnut, Isaac Verges, Jake Quast","CJ Brown, Jack Field, Michael Asman, Sam Leoni, Seth Bunders",293,294,41.0,36.0,41.0,36.0,0.0,2,0.0,0.0
Ripon Red Hawks_pbp.html,31,"Austin Ambrose, Collin Madson, Darius Chestnut, Jake Quast, Joey Berezowitz","CJ Brown, Jack Field, Michael Asman, Sam Leoni, Seth Bunders",295,309,47.0,38.0,41.0,36.0,87.0,15,4.0,1.45
Ripon Red Hawks_pbp.html,32,"Austin Ambrose, Collin Madson, Darius Chestnut, Jake Quast, Joey Berezowitz","CJ Brown, Jake Thomsen, Michael Asman, Sam Leoni, Seth Bunders",310,312,47.0,38.0,47.0,38.0,6.0,3,0.0,0.1
Ripon Red Hawks_pbp.html,33,"Austin Ambrose, Darius Chestnut, Jake Quast, Joey Berezowitz, Richie Warren","CJ Brown, Jake Thomsen, Michael Asman, Sam Leoni, Seth Bunders",313,315,47.0,38.0,47.0,38.0,11.0,3,0.0,0.18
Ripon Red Hawks_pbp.html,34,"Austin Ambrose, Darius Chestnut, Jake Quast, Joey Berezowitz, Richie Warren","CJ Brown, Jack Field, Jake Thomsen, Michael Asman, Sam Leoni",316,326,50.0,38.0,47.0,38.0,83.0,11,3.0,1.38
Ripon Red Hawks_pbp.html,35,"Austin Ambrose, Darius Chestnut, Jake Quast, Joey Berezowitz, Richie Warren","Jack Field, Keenan Rahn, Michael Asman, Sam Leoni, Seth Bunders",327,340,51.0,42.0,50.0,38.0,99.0,14,-3.0,1.65
Ripon Red Hawks_pbp.html,36,"Austin Ambrose, Darius Chestnut, Jake Quast, Joey Berezowitz, Richie Warren","Jack Field, Jarton Davis, Keenan Rahn, Michael Asman, Seth Bunders",341,342,51.0,42.0,51.0,42.0,0.0,2,0.0,0.0
Ripon Red Hawks_pbp.html,37,"Brock Marino, Darius Chestnut, Jake Quast, Joey Berezowitz, Richie Warren","Jack Field, Jarton Davis, Keenan Rahn, Michael Asman, Seth Bunders",343,344,51.0,42.0,51.0,42.0,0.0,2,0.0,0.0
Ripon Red Hawks_pbp.html,38,"Brock Marino, Darius Chestnut, Jake Quast, Joey Berezowitz, Richie Warren","Jack Field, Jarton Davis, Keenan Rahn, Kolby Williams, Seth Bunders",345,354,54.0,45.0,51.0,42.0,55.0,10,0.0,0.92
Ripon Red Hawks_pbp.html,39,"Brock Marino, Darius Chestnut, Jake Quast, Joey Berezowitz, Richie Warren","CJ Brown, Jack Field, Jarton Davis, Kolby Williams, Seth Bunders",355,358,54.0,45.0,54.0,45.0,0.0,4,0.0,0.0
Ripon Red Hawks_pbp.html,40,"Brock Marino, Darius Chestnut, Isaac Verges, JR Lukenbill, Jake Quast","CJ Brown, Jack Field, Jarton Davis, Kolby Williams, Seth Bunders",359,360,54.0,45.0,54.0,45.0,0.0,2,0.0,0.0
Ripon Red Hawks_pbp.html,41,"Brock Marino, Collin Madson, Darius Chestnut, Isaac Verges, JR Lukenbill","CJ Brown, Jack Field, Jarton Davis, Kolby Williams, Seth Bunders",361,365,54.0,47.0,54.0,45.0,33.0,5,-2.0,0.55
Ripon Red Hawks_pbp.html,42,"Brock Marino, Collin Madson, Darius Chestnut, Isaac Verges, JR Lukenbill","CJ Brown, Jarton Davis, Kolby Williams, Michael Asman, Seth Bunders",366,374,56.0,47.0,54.0,47.0,29.0,9,2.0,0.48
Ripon Red Hawks_pbp.html,43,"Brock Marino, Collin Madson, Darius Chestnut, Isaac Verges, JR Lukenbill","CJ Brown, Kolby Williams, Michael Asman, Sam Leoni, Seth Bunders",375,388,61.0,50.0,56.0,47.0,133.0,14,2.0,2.22
Ripon Red Hawks_pbp.html,44,"Brock Marino, Collin Madson, Darius Chestnut, Isaac Verges, JR Lukenbill","CJ Brown, Jack Field, Michael Asman, Sam Leoni, Seth Bunders",389,398,62.0,52.0,61.0,50.0,24.0,10,-1.0,0.4
Ripon Red Hawks_pbp.html,45,"Brock Marino, Collin Madson, Darius Chestnut, Isaac Verges, JR Lukenbill","CJ Brown, Jack Field, Kolby Williams, Sam Leoni, Seth Bunders",399,409,67.0,52.0,62.0,52.0,51.0,11,5.0,0.85
Ripon Red Hawks_pbp.html,46,"Brock Marino, Collin Madson, Darius Chestnut, Isaac Verges, JR Lukenbill","CJ Brown, Jack Field, Michael Asman, Sam Leoni, Seth Bunders",410,429,69.0,54.0,67.0,52.0,76.0,20,0.0,1.27
Ripon Red Hawks_pbp.html,47,"Brock Marino, Collin Madson, Darius Chestnut, Isaac Verges, JR Lukenbill","CJ Brown, Jarton Davis, Keenan Rahn, Michael Asman, Seth Bunders",430,430,69.0,54.0,69.0,54.0,0.0,1,0.0,0.0
Ripon Red Hawks_pbp.html,48,"Brock Marino, Collin Madson, Isaac Verges, JR Lukenbill, Joey Berezowitz","CJ Brown, Jarton Davis, Keenan Rahn, Michael Asman, Seth Bunders",431,446,72.0,56.0,69.0,54.0,65.0,16,1.0,1.08
Ripon Red Hawks_pbp.html,49,"Brock Marino, Collin Madson, Isaac Verges, JR Lukenbill, Joey Berezowitz","CJ Brown, Keenan Rahn, Kolby Williams, Michael Asman, Seth Bunders",447,463,74.0,56.0,72.0,56.0,10.0,17,2.0,0.17
Ripon Red Hawks_pbp.html,50,"Brock Marino, Collin Madson, Isaac Verges, JR Lukenbill, Joey Berezowitz","Anton Kilde, Christian Wilson, Jackson Flowers, Joey Daun, Landon Lee",464,467,74.0,56.0,74.0,56.0,0.0,4,0.0,0.0
Ripon Red Hawks_pbp.html,51,"Agape Keyes Jr., Isaac Verges, Kelton McEwen, Mauryon Turner, Rashad Rogers","Anton Kilde, Christian Wilson, Jackson Flowers, Joey Daun, Landon Lee",468,469,74.0,56.0,74.0,56.0,0.0,2,0.0,0.0
Ripon Red Hawks_pbp.html,52,"Agape Keyes Jr., Isaiah Robinson, Kelton McEwen, Mauryon Turner, Rashad Rogers","Anton Kilde, Christian Wilson, Jackson Flowers, Joey Daun, Landon Lee",470,480,76.0,58.0,74.0,56.0,56.0,11,0.0,0.93
Simpson Storm,1,"Collin Madson, Isaac Verges, Luke Bara, Rashad Rogers, Richie Warren","Cam Henderson, Colton Rasmussen, Levi Gurwell, Marcus Haupert, Spencer Holley",1,27,11.0,11.0,0.0,0.0,189.0,27,0.0,3.15
Simpson Storm,2,"Collin Madson, JR Lukenbill, Luke Bara, Rashad Rogers, Richie Warren","Cam Henderson, Colton Rasmussen, Levi Gurwell, Marcus Haupert, Spencer Holley",28,35,11.0,11.0,11.0,11.0,0.0,8,0.0,0.0
Simpson Storm,3,"Collin Madson, JR Lukenbill, Luke Bara, Rashad Rogers, Richie Warren","Bo Huston, Brogan Fuller, Cam Henderson, Jachin Mertes, Seth Gipple",36,47,16.0,13.0,11.0,11.0,62.0,12,3.0,1.03
Simpson Storm,4,"Austin Ambrose, Collin Madson, JR Lukenbill, Luke Bara, Richie Warren","Bo Huston, Brogan Fuller, Cam Henderson, Jachin Mertes, Seth Gipple",48,61,20.0,15.0,16.0,13.0,137.0,14,2.0,2.28
Simpson Storm,5,"Austin Ambrose, Collin Madson, JR Lukenbill, Joey Berezowitz, Richie Warren","Bo Huston, Brogan Fuller, Cam Henderson, Jachin Mertes, Seth Gipple",62,69,20.0,15.0,20.0,15.0,0.0,8,0.0,0.0
Simpson Storm,6,"Austin Ambrose, Collin Madson, JR Lukenbill, Joey Berezowitz, Richie Warren","Brogan Fuller, Levi Gurwell, Marcus Haupert, Michael Kasperbauer, Spencer Holley",70,82,22.0,18.0,20.0,15.0,77.0,13,-1.0,1.28
Simpson Storm,7,"JR Lukenbill, Jake Quast, Joey Berezowitz, Rashad Rogers, Richie Warren","Brogan Fuller, Levi Gurwell, Marcus Haupert, Michael Kasperbauer, Spencer Holley",83,92,24.0,18.0,22.0,18.0,39.0,10,2.0,0.65
Simpson Storm,8,"JR Lukenbill, Jake Quast, Joey Berezowitz, Rashad Rogers, Richie Warren","Bo Huston, Colton Rasmussen, Marcus Haupert, Michael Kasperbauer, Spencer Holley",93,122,26.0,23.0,24.0,18.0,132.0,30,-3.0,2.2
Simpson Storm,9,"Collin Madson, Darius Chestnut, Isaac Verges, Jake Quast, Rashad Rogers","Bo Huston, Colton Rasmussen, Marcus Haupert, Michael Kasperbauer, Spencer Holley",123,126,26.0,23.0,26.0,23.0,0.0,4,0.0,0.0
Simpson Storm,10,"Collin Madson, Darius Chestnut, Isaac Verges, Jake Quast, Rashad Rogers","Bo Huston, Brogan Fuller, Cam Henderson, Jachin Mertes, Seth Gipple",127,130,26.0,23.0,26.0,23.0,7.0,4,0.0,0.12
Simpson Storm,11,"Austin Ambrose, Collin Madson, Darius Chestnut, Isaac Verges, Jake Quast","Bo Huston, Brogan Fuller, Cam Henderson, Jachin Mertes, Seth Gipple",131,150,31.0,26.0,26.0,23.0,103.0,20,2.0,1.72
Simpson Storm,12,"Austin Ambrose, Collin Madson, Darius Chestnut, Isaac Verges, Jake Quast","Brogan Fuller, Cam Henderson, Jachin Mertes, Levi Gurwell, Seth Gipple",151,158,33.0,28.0,31.0,26.0,41.0,8,0.0,0.68
Simpson Storm,13,"Austin Ambrose, Collin Madson, Darius Chestnut, Isaac Verges, Richie Warren","Brogan Fuller, Cam Henderson, Jachin Mertes, Levi Gurwell, Seth Gipple",159,162,33.0,28.0,33.0,28.0,21.0,4,0.0,0.35
Simpson Storm,14,"Austin Ambrose, Collin Madson, Darius Chestnut, Isaac Verges, Richie Warren","Cam Henderson, Jachin Mertes, Levi Gurwell, Seth Gipple, Spencer Holley",163,183,36.0,28.0,33.0,28.0,100.0,21,3.0,1.67
Simpson Storm,15,"Austin Ambrose, Collin Madson, Darius Chestnut, Isaac Verges, Richie Warren","Bo Huston, Colton Rasmussen, Levi Gurwell, Marcus Haupert, Spencer Holley",184,196,36.0,30.0,36.0,28.0,51.0,13,-2.0,0.85
Simpson Storm,16,"Austin Ambrose, Collin Madson, Darius Chestnut, Isaac Verges, Richie Warren","Bo Huston, Colton Rasmussen, Marcus Haupert, Michael Kasperbauer, Spencer Holley",197,206,36.0,30.0,36.0,30.0,49.0,10,0.0,0.82
Simpson Storm,17,"Collin Madson, Darius Chestnut, JR Lukenbill, Luke Bara, Richie Warren","Bo Huston, Colton Rasmussen, Marcus Haupert, Michael Kasperbauer, Spencer Holley",207,211,38.0,30.0,36.0,30.0,11.0,5,2.0,0.18
Simpson Storm,18,"Collin Madson, Darius Chestnut, JR Lukenbill, Luke Bara, Richie Warren","Bo Huston, Cam Henderson, Colton Rasmussen, Marcus Haupert, Spencer Holley",212,218,40.0,30.0,38.0,30.0,34.0,7,2.0,0.57
Simpson Storm,19,"Collin Madson, Darius Chestnut, JR Lukenbill, Luke Bara, Richie Warren","Brogan Fuller, Cam Henderson, Colton Rasmussen, Levi Gurwell, Marcus Haupert",219,245,49.0,32.0,40.0,30.0,123.0,27,7.0,2.05
Simpson Storm,20,"Collin Madson, Darius Chestnut, Isaac Verges, JR Lukenbill, Luke Bara","Brogan Fuller, Cam Henderson, Colton Rasmussen, Levi Gurwell, Marcus Haupert",246,249,49.0,32.0,49.0,32.0,0.0,4,0.0,0.0
Simpson Storm,21,"Collin Madson, Darius Chestnut, Isaac Verges, JR Lukenbill, Luke Bara","Bo Huston, Cam Henderson, Levi Gurwell, Marcus Haupert, Seth Gipple",250,253,49.0,34.0,49.0,32.0,21.0,4,-2.0,0.35
Simpson Storm,22,"Collin Madson, Isaac Verges, Luke Bara, Rashad Rogers, Richie Warren","Cam Henderson, Colton Rasmussen, Levi Gurwell, Marcus Haupert, Spencer Holley",256,275,54.0,36.0,49.0,34.0,111.0,20,3.0,1.85
Simpson Storm,23,"Collin Madson, Isaac Verges, Luke Bara, Rashad Rogers, Richie Warren","Bo Huston, Cam Henderson, Jachin Mertes, Levi Gurwell, Spencer Holley",276,292,58.0,43.0,54.0,36.0,110.0,17,-3.0,1.83
Simpson Storm,24,"Collin Madson, Darius Chestnut, Isaac Verges, Rashad Rogers, Richie Warren","Bo Huston, Cam Henderson, Jachin Mertes, Levi Gurwell, Spencer Holley",293,296,58.0,43.0,58.0,43.0,0.0,4,0.0,0.0
Simpson Storm,25,"Collin Madson, Darius Chestnut, Isaac Verges, Rashad Rogers, Richie Warren","Bo Huston, Brogan Fuller, Cam Henderson, Jachin Mertes, Seth Gipple",297,311,64.0,45.0,58.0,43.0,62.0,15,4.0,1.03
Simpson Storm,26,"Austin Ambrose, Darius Chestnut, Isaac Verges, Kelton McEwen, Richie Warren","Bo Huston, Brogan Fuller, Cam Henderson, Jachin Mertes, Seth Gipple",312,313,64.0,45.0,64.0,45.0,0.0,2,0.0,0.0
Simpson Storm,27,"Austin Ambrose, Darius Chestnut, Isaac Verges, Kelton McEwen, Richie Warren","Bo Huston, Brogan Fuller, Marcus Haupert, Michael Kasperbauer, Seth Gipple",314,325,68.0,48.0,64.0,45.0,81.0,12,1.0,1.35
Simpson Storm,28,"Austin Ambrose, Darius Chestnut, Joey Berezowitz, Kelton McEwen, Richie Warren","Bo Huston, Brogan Fuller, Marcus Haupert, Michael Kasperbauer, Seth Gipple",326,329,68.0,48.0,68.0,48.0,0.0,4,0.0,0.0
Simpson Storm,29,"Austin Ambrose, Darius Chestnut, Joey Berezowitz, Kelton McEwen, Richie Warren","Bo Huston, Brogan Fuller, Caleb Dyvig, Marcus Haupert, Mateo Dzolota",330,346,70.0,53.0,68.0,48.0,93.0,17,-3.0,1.55
Simpson Storm,30,"Darius Chestnut, JR Lukenbill, Jake Quast, Joey Berezowitz, Kelton McEwen","Bo Huston, Brogan Fuller, Caleb Dyvig, Marcus Haupert, Mateo Dzolota",347,349,70.0,53.0,70.0,53.0,0.0,3,0.0,0.0
Simpson Storm,31,"Darius Chestnut, JR Lukenbill, Jake Quast, Joey Berezowitz, Kelton McEwen","Bo Huston, Jachin Mertes, Levi Gurwell, Marcus Haupert, Spencer Holley",350,375,75.0,55.0,70.0,53.0,105.0,26,3.0,1.75
Simpson Storm,32,"Darius Chestnut, JR Lukenbill, Jake Quast, Joey Berezowitz, Kelton McEwen","Caleb Dyvig, Cam Henderson, Jachin Mertes, Levi Gurwell, Seth Gipple",376,387,77.0,55.0,75.0,55.0,26.0,12,2.0,0.43
Simpson Storm,33,"Darius Chestnut, JR Lukenbill, Jake Quast, Joey Berezowitz, Kelton McEwen","Brogan Fuller, Caleb Dyvig, Cam Henderson, Jachin Mertes, Levi Gurwell",388,392,77.0,55.0,77.0,55.0,17.0,5,0.0,0.28
Simpson Storm,34,"Collin Madson, JR Lukenbill, Jake Quast, Joey Berezowitz, Kelton McEwen","Brogan Fuller, Caleb Dyvig, Cam Henderson, Jachin Mertes, Levi Gurwell",393,394,77.0,55.0,77.0,55.0,0.0,2,0.0,0.0
Simpson Storm,35,"Collin Madson, JR Lukenbill, Jake Quast, Joey Berezowitz, Kelton McEwen","Bo Huston, Brogan Fuller, Caleb Dyvig, Cam Henderson, Jachin Mertes",395,405,79.0,55.0,77.0,55.0,33.0,11,2.0,0.55
Simpson Storm,36,"Collin Madson, JR Lukenbill, Jake Quast, Joey Berezowitz, Kelton McEwen","Bo Huston, Brogan Fuller, Caleb Dyvig, Cam Henderson, Marcus Haupert",406,413,82.0,55.0,79.0,55.0,29.0,8,3.0,0.48
Simpson Storm,37,"Collin Madson, JR Lukenbill, Jake Quast, Joey Berezowitz, Kelton McEwen","Bo Huston, Brogan Fuller, Cam Henderson, Marcus Haupert, Spencer Holley",414,425,88.0,57.0,82.0,55.0,73.0,12,4.0,1.22
Simpson Storm,38,"Collin Madson, JR Lukenbill, Joey Berezowitz, Kelton McEwen, Rashad Rogers","Bo Huston, Brogan Fuller, Cam Henderson, Marcus Haupert, Spencer Holley",426,431,88.0,57.0,88.0,57.0,0.0,6,0.0,0.0
Simpson Storm,39,"Collin Madson, JR Lukenbill, Joey Berezowitz, Kelton McEwen, Rashad Rogers","Brogan Fuller, Jachin Mertes, Levi Gurwell, Mateo Dzolota, Spencer Holley",432,433,88.0,57.0,88.0,57.0,0.0,2,0.0,0.0
Simpson Storm,40,"JR Lukenbill, Joey Berezowitz, Kelton McEwen, Luke Bara, Rashad Rogers","Brogan Fuller, Jachin Mertes, Levi Gurwell, Mateo Dzolota, Spencer Holley",434,438,88.0,59.0,88.0,57.0,8.0,5,-2.0,0.13
Simpson Storm,41,"Isaiah Robinson, JR Lukenbill, Kelton McEwen, Luke Bara, Rashad Rogers","Brogan Fuller, Jachin Mertes, Levi Gurwell, Mateo Dzolota, Spencer Holley",439,465,96.0,66.0,88.0,59.0,144.0,27,1.0,2.4
Simpson Storm,42,"Agape Keyes Jr., Isaiah Robinson, Matthew McKay, Rashad Rogers, Trent Grunewald","Brogan Fuller, Jachin Mertes, Levi Gurwell, Mateo Dzolota, Spencer Holley",466,469,96.0,66.0,96.0,66.0,0.0,4,0.0,0.0
Simpson Storm,43,"Agape Keyes Jr., Isaiah Robinson, Matthew McKay, Rashad Rogers, Trent Grunewald","Bo Huston, Caleb Dyvig, Colton Rasmussen, Jachin Mertes, Michael Kasperbauer",470,488,100.0,67.0,96.0,66.0,96.0,19,3.0,1.6
Simpson Storm,44,"Agape Keyes Jr., Isaiah Robinson, Matthew McKay, Trent Grunewald, Tristian Lynch","Bo Huston, Caleb Dyvig, Colton Rasmussen, Jachin Mertes, Michael Kasperbauer",489,498,100.0,67.0,100.0,67.0,0.0,10,0.0,0.0
Simpson Storm,45,"Agape Keyes Jr., Isaiah Robinson, Matthew McKay, Trent Grunewald, Tristian Lynch","Brogan Fuller, Cam Henderson, Levi Gurwell, Marcus Haupert, Seth Gipple",499,512,100.0,71.0,100.0,67.0,84.0,14,-4.0,1.4
Simpson Storm,46,"Agape Keyes Jr., Isaiah Robinson, Matthew McKay, Trent Grunewald, Tristian Lynch","Brogan Fuller, Cam Henderson, Levi Gurwell, Logan Kowalski, Seth Gipple",513,517,100.0,73.0,100.0,71.0,10.0,5,-2.0,0.17
Simpson Storm,47,"Agape Keyes Jr., Isaiah Robinson, Mikey Wildes, Trent Grunewald, Tristian Lynch","Brogan Fuller, Cam Henderson, Levi Gurwell, Logan Kowalski, Seth Gipple",518,521,100.0,73.0,100.0,73.0,0.0,4,0.0,0.0
Simpson Storm,48,"Agape Keyes Jr., Isaiah Robinson, Mikey Wildes, Trent Grunewald, Tristian Lynch","Caleb Dyvig, Cam Henderson, Logan Kowalski, Michael Kasperbauer, Seth Gipple",522,528,100.0,73.0,100.0,73.0,31.0,7,0.0,0.52
Simpson Storm,49,"Agape Keyes Jr., Isaiah Robinson, Mikey Wildes, Trent Grunewald, Tristian Lynch","Caleb Dyvig, Logan Kowalski, Mateo Dzolota, Michael Kasperbauer, Seth Gipple",529,530,100.0,73.0,100.0,73.0,0.0,2,0.0,0.0
Simpson Storm,50,"Agape Keyes Jr., Isaiah Robinson, Mikey Wildes, Trent Grunewald, Zay Howard","Caleb Dyvig, Logan Kowalski, Mateo Dzolota, Michael Kasperbauer, Seth Gipple",531,540,100.0,78.0,100.0,73.0,69.0,10,-5.0,1.15
St. Thomas (TX) Celts_pbp.html,1,"Brock Marino, Collin Madson, Isaac Verges, JR Lukenbill, Luke Bara","Angel Johnson, Charles Gitonga, Corey Thompson, Nathan Kongolo, Nicholas Buffalo",1,53,11.0,10.0,0.0,0.0,384.0,53,1.0,6.4
St. Thomas (TX) Celts_pbp.html,2,"Brock Marino, Collin Madson, Isaac Verges, JR Lukenbill, Luke Bara","Angel Johnson, Charles Gitonga, Jaden Ross, Nathan Kongolo, Reyce Allen",54,55,11.0,10.0,11.0,10.0,0.0,2,0.0,0.0
St. Thomas (TX) Celts_pbp.html,3,"Brock Marino, Collin Madson, Darius Chestnut, JR Lukenbill, Joey Berezowitz","Angel Johnson, Charles Gitonga, Jaden Ross, Nathan Kongolo, Reyce Allen",56,63,11.0,13.0,11.0,10.0,50.0,8,-3.0,0.83
St. Thomas (TX) Celts_pbp.html,4,"Brock Marino, Collin Madson, Darius Chestnut, JR Lukenbill, Joey Berezowitz","Angel Johnson, Garrett Rodgers, Jaden Ross, Nathan Kongolo, Reyce Allen",64,67,11.0,13.0,11.0,13.0,0.0,4,0.0,0.0
St. Thomas (TX) Celts_pbp.html,5,"Collin Madson, Darius Chestnut, Jake Quast, Joey Berezowitz, Richie Warren","Angel Johnson, Garrett Rodgers, Jaden Ross, Nathan Kongolo, Reyce Allen",68,82,18.0,15.0,11.0,13.0,63.0,15,5.0,1.05
St. Thomas (TX) Celts_pbp.html,6,"Collin Madson, Darius Chestnut, Jake Quast, Joey Berezowitz, Richie Warren","Garrett Rodgers, Jaden Ross, Omar Gayle, Reyce Allen, Tamarcus Butler",83,86,18.0,15.0,18.0,15.0,16.0,4,0.0,0.27
St. Thomas (TX) Celts_pbp.html,7,"Collin Madson, Jake Quast, Joey Berezowitz, Kelton McEwen, Richie Warren","Garrett Rodgers, Jaden Ross, Omar Gayle, Reyce Allen, Tamarcus Butler",87,101,23.0,17.0,18.0,15.0,139.0,15,3.0,2.32
St. Thomas (TX) Celts_pbp.html,8,"JR Lukenbill, Jake Quast, Joey Berezowitz, Kelton McEwen, Richie Warren","Garrett Rodgers, Jaden Ross, Omar Gayle, Reyce Allen, Tamarcus Butler",102,113,27.0,17.0,23.0,17.0,91.0,12,4.0,1.52
St. Thomas (TX) Celts_pbp.html,9,"Isaac Verges, JR Lukenbill, Jake Quast, Kelton McEwen, Richie Warren","Garrett Rodgers, Jaden Ross, Omar Gayle, Reyce Allen, Tamarcus Butler",114,115,27.0,17.0,27.0,17.0,1.0,2,0.0,0.02
St. Thomas (TX) Celts_pbp.html,10,"Isaac Verges, JR Lukenbill, Jake Quast, Kelton McEwen, Richie Warren","Angel Johnson, Garrett Rodgers, Jaden Ross, Reyce Allen, Tamarcus Butler",116,120,27.0,19.0,27.0,17.0,5.0,5,-2.0,0.08
St. Thomas (TX) Celts_pbp.html,11,"Isaac Verges, JR Lukenbill, Jake Quast, Kelton McEwen, Richie Warren","Angel Johnson, Corey Thompson, Garrett Rodgers, Reyce Allen, Tamarcus Butler",121,122,27.0,19.0,27.0,19.0,0.0,2,0.0,0.0
St. Thomas (TX) Celts_pbp.html,12,"Brock Marino, Isaac Verges, JR Lukenbill, Kelton McEwen, Richie Warren","Angel Johnson, Corey Thompson, Garrett Rodgers, Reyce Allen, Tamarcus Butler",123,134,27.0,19.0,27.0,19.0,51.0,12,0.0,0.85
St. Thomas (TX) Celts_pbp.html,13,"Brock Marino, Isaac Verges, JR Lukenbill, Kelton McEwen, Richie Warren","Angel Johnson, Charles Gitonga, Corey Thompson, Reyce Allen, Tamarcus Butler",135,148,30.0,21.0,27.0,19.0,45.0,14,1.0,0.75
St. Thomas (TX) Celts_pbp.html,14,"Brock Marino, Isaac Verges, JR Lukenbill, Kelton McEwen, Richie Warren","Angel Johnson, Charles Gitonga, Corey Thompson, Nicholas Buffalo, Tamarcus Butler",149,161,37.0,25.0,30.0,21.0,85.0,13,3.0,1.42
St. Thomas (TX) Celts_pbp.html,15,"Brock Marino, Isaac Verges, JR Lukenbill, Kelton McEwen, Richie Warren","Angel Johnson, Charles Gitonga, Corey Thompson, Nathan Kongolo, Nicholas Buffalo",162,167,37.0,25.0,37.0,25.0,0.0,6,0.0,0.0
St. Thomas (TX) Celts_pbp.html,16,"Brock Marino, Collin Madson, Isaac Verges, Jake Quast, Luke Bara","Angel Johnson, Charles Gitonga, Corey Thompson, Nathan Kongolo, Nicholas Buffalo",168,190,39.0,30.0,37.0,25.0,178.0,23,-3.0,2.97
St. Thomas (TX) Celts_pbp.html,17,"Collin Madson, Isaac Verges, Jake Quast, Luke Bara, Richie Warren","Angel Johnson, Charles Gitonga, Corey Thompson, Nathan Kongolo, Nicholas Buffalo",191,200,41.0,34.0,39.0,30.0,65.0,10,-2.0,1.08
St. Thomas (TX) Celts_pbp.html,18,"Collin Madson, Isaac Verges, JR Lukenbill, Jake Quast, Richie Warren","Angel Johnson, Charles Gitonga, Corey Thompson, Nathan Kongolo, Nicholas Buffalo",201,202,41.0,34.0,41.0,34.0,3.0,2,0.0,0.05
St. Thomas (TX) Celts_pbp.html,19,"Isaac Verges, JR Lukenbill, Jake Quast, Rashad Rogers, Richie Warren","Angel Johnson, Charles Gitonga, Corey Thompson, Nathan Kongolo, Nicholas Buffalo",203,209,41.0,36.0,41.0,34.0,22.0,7,-2.0,0.37
St. Thomas (TX) Celts_pbp.html,20,"Brock Marino, Collin Madson, Isaac Verges, JR Lukenbill, Luke Bara","Angel Johnson, Charles Gitonga, Corey Thompson, Nathan Kongolo, Nicholas Buffalo",212,233,43.0,41.0,41.0,36.0,133.0,22,-3.0,2.22
St. Thomas (TX) Celts_pbp.html,21,"Collin Madson, Isaac Verges, JR Lukenbill, Luke Bara, Richie Warren","Angel Johnson, Charles Gitonga, Corey Thompson, Nathan Kongolo, Nicholas Buffalo",234,260,46.0,44.0,43.0,41.0,114.0,27,0.0,1.9
St. Thomas (TX) Celts_pbp.html,22,"Collin Madson, Jake Quast, Joey Berezowitz, Luke Bara, Richie Warren","Angel Johnson, Charles Gitonga, Corey Thompson, Nathan Kongolo, Nicholas Buffalo",261,269,46.0,46.0,46.0,44.0,52.0,9,-2.0,0.87
St. Thomas (TX) Celts_pbp.html,23,"Collin Madson, Jake Quast, Joey Berezowitz, Luke Bara, Richie Warren","Angel Johnson, Charles Gitonga, Corey Thompson, Nathan Kongolo, Reyce Allen",270,271,46.0,46.0,46.0,46.0,0.0,2,0.0,0.0
St. Thomas (TX) Celts_pbp.html,24,"Brock Marino, Collin Madson, Jake Quast, Joey Berezowitz, Richie Warren","Angel Johnson, Charles Gitonga, Corey Thompson, Nathan Kongolo, Reyce Allen",272,283,47.0,49.0,46.0,46.0,55.0,12,-2.0,0.92
St. Thomas (TX) Celts_pbp.html,25,"Collin Madson, JR Lukenbill, Jake Quast, Joey Berezowitz, Richie Warren","Angel Johnson, Charles Gitonga, Corey Thompson, Nathan Kongolo, Reyce Allen",284,294,49.0,52.0,47.0,49.0,60.0,11,-1.0,1.0
St. Thomas (TX) Celts_pbp.html,26,"Austin Ambrose, JR Lukenbill, Jake Quast, Joey Berezowitz, Richie Warren","Angel Johnson, Charles Gitonga, Corey Thompson, Nathan Kongolo, Reyce Allen",295,296,49.0,52.0,49.0,52.0,0.0,2,0.0,0.0
St. Thomas (TX) Celts_pbp.html,27,"Austin Ambrose, JR Lukenbill, Jake Quast, Joey Berezowitz, Richie Warren","Angel Johnson, Charles Gitonga, Jaden Ross, Nathan Kongolo, Reyce Allen",297,302,51.0,54.0,49.0,52.0,35.0,6,0.0,0.58
St. Thomas (TX) Celts_pbp.html,28,"Austin Ambrose, JR Lukenbill, Jake Quast, Joey Berezowitz, Richie Warren","Angel Johnson, Garrett Rodgers, Jaden Ross, Nathan Kongolo, Reyce Allen",303,324,54.0,59.0,51.0,54.0,104.0,22,-2.0,1.73
St. Thomas (TX) Celts_pbp.html,29,"Austin Ambrose, JR Lukenbill, Jake Quast, Joey Berezowitz, Richie Warren","Corey Thompson, Garrett Rodgers, Jaden Ross, Nathan Kongolo, Nicholas Buffalo",325,331,54.0,60.0,54.0,59.0,19.0,7,-1.0,0.32
St. Thomas (TX) Celts_pbp.html,30,"Collin Madson, JR Lukenbill, Jake Quast, Joey Berezowitz, Richie Warren","Corey Thompson, Garrett Rodgers, Jaden Ross, Nathan Kongolo, Nicholas Buffalo",332,352,54.0,65.0,54.0,60.0,121.0,21,-5.0,2.02
St. Thomas (TX) Celts_pbp.html,31,"Brock Marino, Collin Madson, Jake Quast, Kelton McEwen, Richie Warren","Corey Thompson, Garrett Rodgers, Jaden Ross, Nathan Kongolo, Nicholas Buffalo",353,382,59.0,69.0,54.0,65.0,200.0,30,1.0,3.33
St. Thomas (TX) Celts_pbp.html,32,"Brock Marino, Collin Madson, Jake Quast, Kelton McEwen, Richie Warren","Angel Johnson, Brennan Webb, Jaden Ross, Nicholas Buffalo, Reyce Allen",383,383,59.0,69.0,59.0,69.0,0.0,1,0.0,0.0
St. Thomas (TX) Celts_pbp.html,33,"Brock Marino, Collin Madson, JR Lukenbill, Kelton McEwen, Richie Warren","Angel Johnson, Brennan Webb, Jaden Ross, Nicholas Buffalo, Reyce Allen",384,388,59.0,71.0,59.0,69.0,12.0,5,-2.0,0.2
St. Thomas (TX) Celts_pbp.html,34,"Collin Madson, Darius Chestnut, JR Lukenbill, Kelton McEwen, Richie Warren","Angel Johnson, Brennan Webb, Jaden Ross, Nicholas Buffalo, Reyce Allen",389,406,62.0,71.0,59.0,71.0,36.0,18,3.0,0.6
St. Thomas (TX) Celts_pbp.html,35,"Collin Madson, Darius Chestnut, JR Lukenbill, Kelton McEwen, Richie Warren","Angel Johnson, Brennan Webb, Charles Gitonga, Corey Thompson, Nicholas Buffalo",407,415,62.0,73.0,62.0,71.0,31.0,9,-2.0,0.52
St. Thomas (TX) Celts_pbp.html,36,"Collin Madson, Darius Chestnut, JR Lukenbill, Kelton McEwen, Richie Warren","Angel Johnson, Charles Gitonga, Corey Thompson, Nathan Kongolo, Nicholas Buffalo",416,426,65.0,75.0,62.0,73.0,84.0,11,1.0,1.4
St. Thomas (TX) Celts_pbp.html,37,"Collin Madson, JR Lukenbill, Kelton McEwen, Luke Bara, Richie Warren","Angel Johnson, Charles Gitonga, Corey Thompson, Nathan Kongolo, Nicholas Buffalo",427,442,73.0,81.0,65.0,75.0,113.0,16,2.0,1.88
