opponent,game_date,jersey_number,name,position,height,weight,class_year,role,player_notes,keys_to_defending,has_scouting_report,height_inches,position_group,notes_tags,keys_tags,notes_tags_display,keys_tags_display,MIN,FG%,3PM-A,3P%,FTM-A,FT%,REB,AST,TO,STL,BLK,PTS,games_played,OREB,DREB
St. Thomas (TX) Celts,2025-11-14,#10,Angel Johnson,G,"6'2""",,SR,Starter,"PG, looking to create most touches",Anticipate drive after closeout,True,74,Guard,{'playmaker'},"{'deny_catch_and_shoot', 'anticipate_move'}",playmaker,"anticipate_move, deny_catch_and_shoot",,41.2%,0-2,0.0%,7-10,70.0%,3.0,7,1,4,0,10.5,2,0.5,2.5
St. Thomas (TX) Celts,2025-11-14,#1,Corey Thompson,G,"6'2""",,JR,Starter,LH Shooter/Driver (Main shooting threat),Anticipate LHD & finish attempts,True,74,Guard,"{'three_point_shooter', 'slasher_driver'}",{'anticipate_move'},"slasher_driver, three_point_shooter",anticipate_move,,40.9%,4-10,40.0%,8-11,72.7%,2.0,6,4,11,0,15.0,2,0.0,2.0
St. Thomas (TX) Celts,2025-11-14,#0,Nathan Kongolo,G/F,"6'4""",,SO,Starter,RH Driver/slasher,Anticipate RHD,True,76,Wing,{'slasher_driver'},{'anticipate_move'},slasher_driver,anticipate_move,,40.0%,2-4,50.0%,2-4,50.0%,3.0,3,0,4,0,6.0,2,0.5,2.5
St. Thomas (TX) Celts,2025-11-14,#12,Nicholas Buffalo,F,"6'6""",,JR,Starter,Scores from dump offs on drives & O-Boards,Box out!!!,True,78,Forward/Post,"{'rebounder', 'slasher_driver'}",{'box_out_priority'},"rebounder, slasher_driver",box_out_priority,,60.0%,0-0,-,5-8,62.5%,4.0,0,4,3,0,8.5,2,1.5,2.5
St. Thomas (TX) Celts,2025-11-14,#25,Charles Gitonga,F,"6'8""",,JR,Starter,Driver/slasher,Anticipate RHD & finish attempts,True,80,Forward/Post,{'slasher_driver'},{'anticipate_move'},slasher_driver,anticipate_move,,66.7%,0-0,-,2-4,50.0%,6.0,3,0,2,0,5.0,2,3.0,3.0
St. Thomas (TX) Celts,2025-11-14,#33,Garret Rodgers,F,"6'6""",,FR,Bench,Scores in post and from Offensive Boards,Box Out!!!,True,78,Forward/Post,"{'post_scorer', 'rebounder'}",{'box_out_priority'},"post_scorer, rebounder",box_out_priority,,85.7%,1-2,50.0%,2-2,100.0%,2.0,1,2,0,0,15.0,1,2.0,0.0
St. Thomas (TX) Celts,2025-11-14,#5,Reyce Allen,F,"6'5""",,SR,Bench,Driver 1st forward,Anticipate RHD & finish attempt,True,77,Forward/Post,{'slasher_driver'},{'anticipate_move'},slasher_driver,anticipate_move,,50.0%,0-0,-,2-7,28.6%,3.5,3,1,2,0,7.0,2,2.5,1.0
St. Thomas (TX) Celts,2025-11-14,#3,Brennan Webb,G,"6'1""",,FR,Bench,LH Shooter,Locate in transition,True,73,Guard,{'three_point_shooter'},{'transition_defense'},three_point_shooter,transition_defense,,30.0%,2-7,28.6%,1-2,50.0%,2.0,0,1,0,0,4.5,2,0.5,1.5
St. Thomas (TX) Celts,2025-11-14,#2,Omar Gayle,G,"5'10""",,SO,Bench,Quick play making guard.,Anticipate quick 1st step,True,70,Guard,set(),{'anticipate_move'},,anticipate_move,,36.4%,0-3,0.0%,0-0,-,1.0,5,1,0,0,4.0,2,0.0,1.0
Eureka Red Devils,2025-11-15,#12,Jaxson Provost,G,"5'10""",170 lbs,JR,Starter,"Off Guard Looking to Attack (18 FGA, 8 FTA)",Keep in Front w/ Contest,True,70,Guard,{'slasher_driver'},{'keep_in_front'},slasher_driver,keep_in_front,,51.1%,5-13,38.5%,13-18,72.2%,3.0,6,6,5,0,22.0,3,1.0,2.0
Eureka Red Devils,2025-11-15,#5,Micah Bruer,G,"6'0""",,JR,Starter,PG - Similar Style to #3 from Ripon,Pressure and Speed Up,True,72,Guard,set(),{'pressure_disrupt'},,pressure_disrupt,,45.8%,4-10,40.0%,6-7,85.7%,4.3,9,9,1,0,10.7,3,1.0,3.3
Eureka Red Devils,2025-11-15,#4,Ben Carter,G/F,"6'4""",185 lbs,SR,Starter,Rebounding / Defending Wing,Active Hands on Perimeter,True,76,Wing,{'rebounder'},{'keep_in_front'},rebounder,keep_in_front,,33.3%,4-9,44.4%,2-4,50.0%,8.3,10,10,4,1,4.7,3,1.0,7.3
Eureka Red Devils,2025-11-15,#30,Jonah Lauff,F,"6'5""",,SR,Starter,Shooter!,No C&S 3's,True,77,Forward/Post,{'three_point_shooter'},{'deny_catch_and_shoot'},three_point_shooter,deny_catch_and_shoot,,39.1%,3-10,30.0%,4-4,100.0%,3.7,0,1,0,0,8.3,3,0.3,3.3
Eureka Red Devils,2025-11-15,#33,Andrew Coker,F,"6'5""",170 lbs,SR,Starter,Perimeter Big,Keep in Front w/ Contest,True,77,Forward/Post,set(),{'keep_in_front'},,keep_in_front,,37.5%,2-8,25.0%,2-2,100.0%,5.3,5,5,2,0,7.3,3,1.7,3.7
Eureka Red Devils,2025-11-15,#7,Damuzha Moore,F,"6'3""",,SR,Bench,Back Up Wing,Keep in Front w/ Contest,True,75,Forward/Post,set(),{'keep_in_front'},,keep_in_front,,33.3%,2-5,40.0%,0-2,0.0%,0.7,1,2,1,2,3.3,3,0.0,0.7
Eureka Red Devils,2025-11-15,#6,Jacob Gonzalez,G,"6'0""",,SR,Bench,Back Up PG,Be a Helper,True,72,Guard,set(),{'help_defense'},,help_defense,,40.0%,0-1,0.0%,1-3,33.3%,1.0,2,3,2,0,4.3,3,0.0,1.0
Aurora Spartans,2025-11-19,#11,Mekhi Doby,G,"6'3""",,JR,Starter,Heavy RHD,Anticipate Crossover + RHD,True,75,Guard,{'slasher_driver'},{'anticipate_move'},slasher_driver,anticipate_move,,30.8%,0-3,0.0%,7-13,53.8%,3.0,1,2,3,3,15.0,1,2.0,1.0
Aurora Spartans,2025-11-19,#13,Zerrick Johnson,G,"6'2""",,FR,Starter,Driver/shooter,No fouls!,True,74,Guard,"{'three_point_shooter', 'slasher_driver'}",{'physical_discipline'},"slasher_driver, three_point_shooter",physical_discipline,,50.0%,2-5,40.0%,16-18,88.9%,3.5,3,9,3,0,11.5,4,0.2,3.2
Aurora Spartans,2025-11-19,#3,Jeffery Hillmer,G,"6'4""",,JR,Starter,Driver First,Box Out!!!,True,76,Guard,{'slasher_driver'},{'box_out_priority'},slasher_driver,box_out_priority,,44.0%,2-5,40.0%,1-1,100.0%,4.8,6,4,4,3,6.2,4,2.2,2.5
Aurora Spartans,2025-11-19,#2,Juan Madrigal,G,"6'4""",,JR,Starter,Shooter/Driver,High Early hand on closeouts!,True,76,Guard,"{'three_point_shooter', 'slasher_driver'}",{'deny_catch_and_shoot'},"slasher_driver, three_point_shooter",deny_catch_and_shoot,,46.2%,6-15,40.0%,11-13,84.6%,4.5,7,9,5,2,13.2,4,1.5,3.0
Aurora Spartans,2025-11-19,#22,Devon Richardson,C,"6'8""",,JR,Starter,"Prefers LS/RH, capable with RS/LH",Box out!!!,True,80,Forward/Post,{'post_scorer'},{'box_out_priority'},post_scorer,box_out_priority,,64.5%,0-0,-,14-25,56.0%,6.2,2,4,1,6,13.5,4,3.0,3.2
Aurora Spartans,2025-11-19,#24,Gevon Grant,G,"6'0""",,JR,Bench,RHD/Shooter (PG),Stop initial push in transition,True,72,Guard,"{'three_point_shooter', 'slasher_driver'}",{'transition_defense'},"slasher_driver, three_point_shooter",transition_defense,,38.7%,3-13,23.1%,16-28,57.1%,3.8,8,9,6,0,10.8,4,0.8,3.0
Aurora Spartans,2025-11-19,#5,Larry Carthan,F,"6'7""",,JR,Bench,Back up 5 man,NLS,True,79,Forward/Post,set(),{'post_defense'},,post_defense,,36.4%,0-0,-,8-12,66.7%,4.0,2,3,1,2,4.0,4,1.5,2.5
Aurora Spartans,2025-11-19,#12,Robert Hutson,G,"6'3""",,SO,Bench,Capable shooter & driver,Anticipate LHD,True,75,Guard,"{'three_point_shooter', 'slasher_driver'}",{'anticipate_move'},"slasher_driver, three_point_shooter",anticipate_move,,27.3%,1-9,11.1%,3-4,75.0%,1.5,0,3,0,1,4.0,4,1.2,0.2
Aurora Spartans,2025-11-19,#1,Bryden Gryzmala,G,"5'11""",,FR,Bench,PG,Anticipate pull ups on LHD,True,71,Guard,set(),{'anticipate_move'},,anticipate_move,,46.7%,2-6,33.3%,6-6,100.0%,1.2,5,4,2,0,5.5,4,0.0,1.2
Simpson Storm,2025-11-25,#23,Cam Henderson,G,"5'10""",,SO,Starter,LH Driver/shooter,Anticipate LHD,True,70,Guard,"{'three_point_shooter', 'slasher_driver'}",{'anticipate_move'},"slasher_driver, three_point_shooter",anticipate_move,,,,,,,,,,,,,,,
Simpson Storm,2025-11-25,#13,Levi Gurwell,G,"6'0""",145 lbs,SR,Starter,Efficient 3 level scorer,Stay down on Pump fakes,True,72,Guard,set(),{'physical_discipline'},,physical_discipline,,,,,,,,,,,,,,,
Simpson Storm,2025-11-25,#11,Spencer Holley,G,"6'4""",,FR,Starter,RHD,Antcipate RHD,True,76,Guard,{'slasher_driver'},{'anticipate_move'},slasher_driver,anticipate_move,,,,,,,,,,,,,,,
Simpson Storm,2025-11-25,#30,Brogan Fuller,G,"6'4""",,SO,Starter,Shooter/Driver,No C&S 3's,True,76,Guard,"{'three_point_shooter', 'slasher_driver'}",{'deny_catch_and_shoot'},"slasher_driver, three_point_shooter",deny_catch_and_shoot,,,,,,,,,,,,,,,
Simpson Storm,2025-11-25,#34,Marcus Haupert,F,"6'5""",,SR,Starter,LS/RH Post,No LS/RH,True,77,Forward/Post,{'post_scorer'},{'post_defense'},post_scorer,post_defense,,,,,,,,,,,,,,,
Simpson Storm,2025-11-25,#2,Bo Huston,G,"5'10""",160 lbs,SR,Bench,LH Shooter,High/Early hand on closeout!,True,70,Guard,{'three_point_shooter'},{'deny_catch_and_shoot'},three_point_shooter,deny_catch_and_shoot,,,,,,,,,,,,,,,
Simpson Storm,2025-11-25,#0,Jachin Mertes,G,"6'6""",,JR,Bench,"Will post, drive, & shoot",Antcipate RHD,True,78,Guard,"{'post_scorer', 'three_point_shooter', 'slasher_driver'}",{'anticipate_move'},"post_scorer, slasher_driver, three_point_shooter",anticipate_move,,,,,,,,,,,,,,,
Simpson Storm,2025-11-25,#3,Isaac Averill,G,"6'4""",,FR,Bench,RH but prefers to attack L,Antcipate step back on LHD,True,76,Guard,{'slasher_driver'},{'anticipate_move'},slasher_driver,anticipate_move,,,,,,,,,,,,,,,
Ripon Red Hawks,2025-11-07,#3,Seth Bunders,G,"6'0""",140 lbs,JR,Starter,Shooter!,NO C&S 3's!!!,True,72,Guard,{'three_point_shooter'},{'deny_catch_and_shoot'},three_point_shooter,deny_catch_and_shoot,,,,,,,,,,,,,,,
Ripon Red Hawks,2025-11-07,#13,CJ Brown,G,"6'3""",,SR,Starter,Go To=mid range pull up (1-2 dribbles),Anticipate 1 dribble pull up,True,75,Guard,"{'pull_up_shooter', 'high_usage'}",{'anticipate_move'},"high_usage, pull_up_shooter",anticipate_move,,,,,,,,,,,,,,,
Ripon Red Hawks,2025-11-07,#44,Marshawn Robinson,G,"6'3""",180 lbs,JR,Starter,Driver/Shooter,Anticipate pull up when he goes left,True,75,Guard,"{'three_point_shooter', 'slasher_driver'}",{'anticipate_move'},"slasher_driver, three_point_shooter",anticipate_move,,,,,,,,,,,,,,,
Ripon Red Hawks,2025-11-07,#35,Michael Asman,F,"6'7""",,SO,Starter,C&S 3's,No C&S 3s!! (stunt v. pick & pop),True,79,Forward/Post,"{'catch_and_shoot', 'three_point_shooter'}",{'deny_catch_and_shoot'},"catch_and_shoot, three_point_shooter",deny_catch_and_shoot,,,,,,,,,,,,,,,
Ripon Red Hawks,2025-11-07,#12,Kolby Williams,F,"6'7""",,SR,Starter,Rebounds Hard!,Boxout!!!,True,79,Forward/Post,{'rebounder'},{'box_out_priority'},rebounder,box_out_priority,,,,,,,,,,,,,,,
Ripon Red Hawks,2025-11-07,#4,Jarton Davis,G,"6'1""",,JR,Bench,Shooter/Driver,Limit C&S 3's,True,73,Guard,"{'three_point_shooter', 'slasher_driver'}",{'deny_catch_and_shoot'},"slasher_driver, three_point_shooter",deny_catch_and_shoot,,,,,,,,,,,,,,,
Ripon Red Hawks,2025-11-07,#5,Jake Thomsen,G,"6'2""",,JR,Bench,C&S 3's,No C&S 3's,True,74,Guard,"{'catch_and_shoot', 'three_point_shooter'}",{'deny_catch_and_shoot'},"catch_and_shoot, three_point_shooter",deny_catch_and_shoot,,,,,,,,,,,,,,,
Lawrence Vikings,2025-12-10,#3,Nathan Valentine,G,"5'11""",170 lbs,SR,Starter,Shooter (C & S 3's),No C & S 3's,True,71,Guard,"{'catch_and_shoot', 'three_point_shooter'}",{'deny_catch_and_shoot'},"catch_and_shoot, three_point_shooter",deny_catch_and_shoot,,,,,,,,,,,,,,,
Lawrence Vikings,2025-12-10,#10,Hogan Demovsky,G,"6'3""",185 lbs,JR,Starter,Shooter with DEEP range (esp. Late in clock),No C & S 3's,True,75,Guard,{'three_point_shooter'},{'deny_catch_and_shoot'},three_point_shooter,deny_catch_and_shoot,,,,,,,,,,,,,,,
Lawrence Vikings,2025-12-10,#22,Nicholas Gouriotis,F,"6'5""",200 lbs,JR,Starter,Shooter/Driver,No C & S 3's,True,77,Forward/Post,"{'three_point_shooter', 'slasher_driver'}",{'deny_catch_and_shoot'},"slasher_driver, three_point_shooter",deny_catch_and_shoot,,,,,,,,,,,,,,,
Lawrence Vikings,2025-12-10,#15,CJ Campbell,F,"6'7""",190 lbs,JR,Starter,Shooter/Driver,No Rhythm 3's,True,79,Forward/Post,"{'three_point_shooter', 'slasher_driver'}",set(),"slasher_driver, three_point_shooter",,,,,,,,,,,,,,,,
Lawrence Vikings,2025-12-10,#20,Casey Schoenecker,F,"6'6""",210 lbs,JR,Starter,Attacks from perimeter & scores in post,Anticipate LS/RH Finishes,True,78,Forward/Post,"{'post_scorer', 'slasher_driver'}",{'anticipate_move'},"post_scorer, slasher_driver",anticipate_move,,,,,,,,,,,,,,,
Lawrence Vikings,2025-12-10,#12,Nicolas Manzanera,G,"6'0""",205 lbs,SR,Bench,Shooter,No C & S 3's,True,72,Guard,{'three_point_shooter'},{'deny_catch_and_shoot'},three_point_shooter,deny_catch_and_shoot,,,,,,,,,,,,,,,
Lawrence Vikings,2025-12-10,#21,Nolan Koch,F,"6'5""",215 lbs,SO,Bench,LS/RH in Post (Non-shooter),NLS/RH,True,77,Forward/Post,{'post_scorer'},{'post_defense'},post_scorer,post_defense,,,,,,,,,,,,,,,
Lawrence Vikings,2025-12-10,#14,Landon Key,F,"6'4""",180 lbs,SO,Bench,Driver (either way),Be a helper!!,True,76,Forward/Post,{'slasher_driver'},{'help_defense'},slasher_driver,help_defense,,,,,,,,,,,,,,,
Lawrence Vikings,2025-12-10,#4,Caleb Nash,G,"6'1""",190 lbs,SO,Bench,Driver (either way),Be a Helper!!,True,73,Guard,{'slasher_driver'},{'help_defense'},slasher_driver,help_defense,,,,,,,,,,,,,,,
Carroll (WI) Pioneers,2025-12-13,#33,Dennis Estepp,G,"6'0""",170 lbs,JR,Starter,PG - pushes tempo in transition,Stop him down in transition,True,72,Guard,set(),{'transition_defense'},,transition_defense,,41.7%,0-2,0.0%,1-2,50.0%,5.0,3,1,6,0,11.0,1,1.0,4.0
Carroll (WI) Pioneers,2025-12-13,#12,Peyton McKenna,G,"6'2""",175 lbs,SO,Starter,Shooter! (70 of 78 shot attempts are 3's),LOCK & TRAIL!!!,True,74,Guard,{'three_point_shooter'},set(),three_point_shooter,,,62.5%,3-6,50.0%,0-0,-,3.0,1,3,2,0,13.0,1,1.0,2.0
Carroll (WI) Pioneers,2025-12-13,#4,Michael McNabb,G,"6'5""",205 lbs,SO,Starter,LH Driver/Shooter,Show hands/don't foul on drives!!,True,77,Guard,"{'three_point_shooter', 'slasher_driver'}",set(),"slasher_driver, three_point_shooter",,,38.9%,0-2,0.0%,9-9,100.0%,2.0,2,7,1,0,23.0,1,1.0,1.0
Carroll (WI) Pioneers,2025-12-13,#44,Lamar Smith,F,"6'4""",185 lbs,SR,Starter,Driver (Prefers RHD but capable LHD),Anticipate quick 1st step,True,76,Forward/Post,{'slasher_driver'},{'anticipate_move'},slasher_driver,anticipate_move,,50.0%,0-0,-,1-2,50.0%,7.0,1,2,1,0,11.0,1,2.0,5.0
Carroll (WI) Pioneers,2025-12-13,#41,Jacob Naber,F,"6'8""",230 lbs,SR,Starter,Posts hard after DHO or ball screen,Extend & Limit Catches | Crash to 3/4 front,True,80,Forward/Post,{'post_scorer'},set(),post_scorer,,,60.0%,0-0,-,1-2,50.0%,10.0,0,4,0,0,13.0,1,2.0,8.0
Carroll (WI) Pioneers,2025-12-13,#3,Lucas Parker,G,"6'4""",185 lbs,JR,Bench,Shooter,NO C&S 3's!!!,True,76,Guard,{'three_point_shooter'},{'deny_catch_and_shoot'},three_point_shooter,deny_catch_and_shoot,,33.3%,1-5,20.0%,0-0,-,2.0,1,3,1,0,5.0,1,1.0,1.0
Carroll (WI) Pioneers,2025-12-13,#15,Evan Bland,G,"6'0""",165 lbs,SR,Bench,"Aggressive Driver (prefers RH, will go both)",Anticipate RHD,True,72,Guard,{'slasher_driver'},{'anticipate_move'},slasher_driver,anticipate_move,,,,,,,,,,,,,,,
Carroll (WI) Pioneers,2025-12-13,#42,Greg Smith,F,"6'7""",,FR,Bench,Back up 5 man,Be a Helper!!!,True,79,Forward/Post,set(),{'help_defense'},,help_defense,,-,0-0,-,0-0,-,0.0,1,0,0,0,0.0,1,0.0,0.0
Alma Scots,2025-12-20,#14,Raine Rodich,G,"6'0""",185 lbs,SO,Starter,Driver (Non-shooter),Anticipate spin back on finishes,True,72,Guard,{'slasher_driver'},"{'keep_in_front', 'anticipate_move'}",slasher_driver,"anticipate_move, keep_in_front",,53.5%,1-4,25.0%,16-29,55.2%,3.3,24,18,5,2,8.5,11,0.9,2.4
Alma Scots,2025-12-20,#3,Donovan Collins,G,"6'0""",150 lbs,JR,Starter,Shooter,High early hand on closeouts,True,72,Guard,{'three_point_shooter'},{'deny_catch_and_shoot'},three_point_shooter,deny_catch_and_shoot,,29.3%,17-72,23.6%,11-16,68.8%,2.1,7,17,8,0,7.5,11,0.5,1.6
Alma Scots,2025-12-20,#20,Josh Elliott,G,"6'3""",185 lbs,SR,Starter,Shooter (no made 2's this season),Locate early in transition,True,75,Guard,{'three_point_shooter'},{'transition_defense'},three_point_shooter,transition_defense,,32.5%,25-68,36.8%,12-12,100.0%,1.7,11,12,5,4,8.9,10,0.0,1.7
Alma Scots,2025-12-20,#11,Korbin Heitzman,F,"6'7""",190 lbs,JR,Starter,Efficient in post and drives (Non-shooter),No LS/RH,True,79,Forward/Post,"{'post_scorer', 'slasher_driver'}",{'post_defense'},"post_scorer, slasher_driver",post_defense,,46.3%,1-5,20.0%,41-66,62.1%,7.9,14,28,8,14,15.3,11,2.6,5.3
Alma Scots,2025-12-20,#24,Logan St. Martin,F/C,"6'6""",220 lbs,JR,Starter,Scores in Post & O-Boards,No LS/RH,True,78,Forward/Post,"{'post_scorer', 'rebounder'}",{'post_defense'},"post_scorer, rebounder",post_defense,,56.2%,3-11,27.3%,6-11,54.5%,5.5,17,13,6,5,5.7,11,1.5,4.0
Alma Scots,2025-12-20,#1,Elijah Sykes,G,"5'10""",165 lbs,FR,Bench,Shooter/Driver,High early hand on closeouts,True,70,Guard,"{'three_point_shooter', 'slasher_driver'}",{'deny_catch_and_shoot'},"slasher_driver, three_point_shooter",deny_catch_and_shoot,,27.9%,11-41,26.8%,32-34,94.1%,1.5,17,16,1,1,7.7,10,0.1,1.4
Alma Scots,2025-12-20,#10,Joss Bradley,G,"6'1""",180 lbs,SO,Bench,RH Driver,Wall up + No Fouls on Finishes,True,73,Guard,{'slasher_driver'},{'physical_discipline'},slasher_driver,physical_discipline,,38.5%,0-5,0.0%,10-22,45.5%,2.9,9,18,3,0,3.6,11,0.9,2.0
Alma Scots,2025-12-20,#15,Preston Malpass,F,"6'7""",185 lbs,SO,Bench,Shooter,No C & S 3's,True,79,Forward/Post,{'three_point_shooter'},{'deny_catch_and_shoot'},three_point_shooter,deny_catch_and_shoot,,26.5%,8-24,33.3%,0-0,-,3.2,3,11,4,4,2.9,9,0.7,2.6
Alma Scots,2025-12-20,#21,Luciano Guerrazzi,F,"6'7""",210 lbs,JR,Bench,Back up 5 man,No LS/RH,True,79,Forward/Post,set(),{'post_defense'},,post_defense,,45.8%,0-0,-,3-7,42.9%,2.5,6,4,4,2,2.3,11,0.4,2.1
Elmhurst Bluejays,2025-12-02,#2,Luke Smith,G,"6'0""",185 lbs,FR,Starter,Primary PG,No Rhythm C & S 3's,True,72,Guard,set(),{'deny_catch_and_shoot'},,deny_catch_and_shoot,,41.2%,9-27,33.3%,7-10,70.0%,3.4,15,10,6,2,11.6,5,0.6,2.8
Elmhurst Bluejays,2025-12-02,#0,Sebastian Blachut,G,"6'2""",185 lbs,SR,Starter,Driver/Shooter,Close out = Driver First,True,74,Guard,"{'three_point_shooter', 'slasher_driver'}",{'deny_catch_and_shoot'},"slasher_driver, three_point_shooter",deny_catch_and_shoot,,41.5%,5-13,38.5%,15-21,71.4%,2.2,14,11,2,1,10.8,5,0.8,1.4
Elmhurst Bluejays,2025-12-02,#1,Dominic Trelenberg,F,"6'5""",205 lbs,SR,Starter,LH 3 level scorer,Anticipate quick 1st step (LHD),True,77,Forward/Post,set(),{'anticipate_move'},,anticipate_move,,49.1%,10-27,37.0%,18-22,81.8%,6.6,14,7,4,0,16.4,5,2.2,4.4
Elmhurst Bluejays,2025-12-02,#40,Aidyn Boone,F,"6'5""",230 lbs,JR,Starter,Shooter (22 of 34 FGA from 3),Expect pops after screens on & off ball,True,77,Forward/Post,{'three_point_shooter'},{'screen_navigation'},three_point_shooter,screen_navigation,,47.1%,10-22,45.5%,8-9,88.9%,6.2,3,10,4,4,10.0,5,1.2,5.0
Elmhurst Bluejays,2025-12-02,#15,Vinnie Adjahoungbeta,F,"6'5""",200 lbs,SO,Starter,"3 level scorer (Shoots, drives, & posts)",No C & S 3's,True,77,Forward/Post,"{'post_scorer', 'three_point_shooter', 'slasher_driver'}",{'deny_catch_and_shoot'},"post_scorer, slasher_driver, three_point_shooter",deny_catch_and_shoot,,46.8%,7-12,58.3%,7-14,50.0%,8.4,9,6,11,7,11.6,5,2.0,6.4
Elmhurst Bluejays,2025-12-02,#21,Talen Pearson,G,"6'5""",180 lbs,SO,Bench,Shoot 1st,High hand on closeout,True,77,Guard,{'three_point_shooter'},{'deny_catch_and_shoot'},three_point_shooter,deny_catch_and_shoot,,26.3%,1-11,9.1%,0-3,0.0%,0.8,5,3,3,3,2.2,5,0.2,0.6
Elmhurst Bluejays,2025-12-02,#11,Jack Cherry,G,"6'2""",190 lbs,SO,Bench,Shooter,No C & S 3's,True,74,Guard,{'three_point_shooter'},{'deny_catch_and_shoot'},three_point_shooter,deny_catch_and_shoot,,46.2%,2-6,33.3%,8-8,100.0%,1.2,5,6,0,0,4.4,5,0.0,1.2
Elmhurst Bluejays,2025-12-02,#4,EJ Marshall,G,"6'0""",180 lbs,JR,Bench,Driver/shooter,Anticipate RHD,True,72,Guard,"{'three_point_shooter', 'slasher_driver'}",{'anticipate_move'},"slasher_driver, three_point_shooter",anticipate_move,,30.8%,2-4,50.0%,1-2,50.0%,0.8,4,5,2,0,2.2,5,0.0,0.8
Elmhurst Bluejays,2025-12-02,#22,Jeffrey Williams,F,"6'4""",210 lbs,SO,Bench,Shooter,No C & S 3's!!,True,76,Forward/Post,{'three_point_shooter'},{'deny_catch_and_shoot'},three_point_shooter,deny_catch_and_shoot,,71.4%,3-4,75.0%,0-0,-,0.2,0,0,3,0,2.6,5,0.0,0.2
Coe Kohawks,2025-12-30,#5,Cooper Nailor,G,"6'1""",,SR,Starter,Main creator & scorer,No C & S 3's,True,73,Guard,"{'high_usage', 'playmaker'}",{'deny_catch_and_shoot'},"high_usage, playmaker",deny_catch_and_shoot,,,,,,,,,,,,,,,
Coe Kohawks,2025-12-30,#4,Deuce Walters,G,"5'11""",,JR,Starter,Go to=Mid range pull up,Anticipate step back mid-range pull up,True,71,Guard,"{'pull_up_shooter', 'high_usage'}",{'anticipate_move'},"high_usage, pull_up_shooter",anticipate_move,,,,,,,,,,,,,,,
Coe Kohawks,2025-12-30,#12,C. Reece Breitenbach,G,"5'11""",,JR,Starter,Shooter/Driver,No C & S 3's,True,71,Guard,"{'three_point_shooter', 'slasher_driver'}",{'deny_catch_and_shoot'},"slasher_driver, three_point_shooter",deny_catch_and_shoot,,,,,,,,,,,,,,,
Coe Kohawks,2025-12-30,#22,Jackson Bowman,F,"6'7""",,SR,Starter,Slasher/finisher - Attacks to score (6 asts),Anticipate RHD,True,79,Forward/Post,{'slasher_driver'},{'anticipate_move'},slasher_driver,anticipate_move,,,,,,,,,,,,,,,
Coe Kohawks,2025-12-30,#34,Kanyon Bryte,F,"6'8""",,SO,Starter,LS/RH in post,NLS,True,80,Forward/Post,{'post_scorer'},{'post_defense'},post_scorer,post_defense,,,,,,,,,,,,,,,
Coe Kohawks,2025-12-30,#2,Ryan Dolphin,G,"5'9""",,SR,Bench,Shooter,No C & S 3's,True,69,Guard,{'three_point_shooter'},{'deny_catch_and_shoot'},three_point_shooter,deny_catch_and_shoot,,,,,,,,,,,,,,,
Coe Kohawks,2025-12-30,#20,Aaron Foote,F,"6'6""",,SR,Bench,Scores on back cuts & Slips,No Back cuts,True,78,Forward/Post,{'cutter'},{'deny_cuts'},cutter,deny_cuts,,,,,,,,,,,,,,,
Coe Kohawks,2025-12-30,#35,Jackson Newell,F,"6'9""",,JR,Bench,Shoots mid range & 3's,Anticipate C & S (mid range and 3's),True,81,Forward/Post,"{'pull_up_shooter', 'three_point_shooter'}","{'deny_catch_and_shoot', 'anticipate_move'}","pull_up_shooter, three_point_shooter","anticipate_move, deny_catch_and_shoot",,,,,,,,,,,,,,,
UW-Oshkosh Titans,2026-01-03,#2,Joey LaChapell,G,"6'0""",175 lbs,SO,Starter,Shooter/Driver (seeks contact on jump shots),No transition 3's (locate early),True,72,Guard,"{'three_point_shooter', 'slasher_driver'}",{'transition_defense'},"slasher_driver, three_point_shooter",transition_defense,,48.2%,22-52,42.3%,28-33,84.8%,2.0,40,20,13,0,11.8,11,0.4,1.6
UW-Oshkosh Titans,2026-01-03,#10,Nate Nazos,G,"6'0""",175 lbs,SO,Starter,Shooter & ball mover,No C & S 3's,True,72,Guard,"{'playmaker', 'three_point_shooter'}",{'deny_catch_and_shoot'},"playmaker, three_point_shooter",deny_catch_and_shoot,,31.6%,7-26,26.9%,3-5,60.0%,3.1,24,10,18,0,3.1,11,1.0,2.1
UW-Oshkosh Titans,2026-01-03,#21,Carter Thomas,G,"6'5""",190 lbs,SR,Starter,Shooter/Driver,No C & S 3's,True,77,Guard,"{'three_point_shooter', 'slasher_driver'}",{'deny_catch_and_shoot'},"slasher_driver, three_point_shooter",deny_catch_and_shoot,,42.6%,15-42,35.7%,32-41,78.0%,3.4,13,12,9,2,9.0,11,1.0,2.4
UW-Oshkosh Titans,2026-01-03,#4,Michael Metcalf-Grassman,G,"6'5""",200 lbs,JR,Starter,Driver (Prefers RHD),No RHD,True,77,Guard,{'slasher_driver'},set(),slasher_driver,,,45.7%,2-13,15.4%,12-22,54.5%,3.5,8,9,10,6,9.3,6,0.5,3.0
UW-Oshkosh Titans,2026-01-03,#0,Brandon Beck,F,"6'7""",195 lbs,SO,Starter,High level shooter and driver,Early high hand,True,79,Forward/Post,"{'three_point_shooter', 'slasher_driver'}",{'deny_catch_and_shoot'},"slasher_driver, three_point_shooter",deny_catch_and_shoot,,51.1%,29-74,39.2%,29-35,82.9%,3.4,9,15,15,17,17.8,11,1.0,2.4
UW-Oshkosh Titans,2026-01-03,#13,Logan Rindfleisch,G,"6'5""",190 lbs,SO,Bench,Driver/shooter,No rhythm 3's,True,77,Guard,"{'three_point_shooter', 'slasher_driver'}",set(),"slasher_driver, three_point_shooter",,,45.5%,6-19,31.6%,14-22,63.6%,3.5,13,8,5,3,5.5,11,1.4,2.1
UW-Oshkosh Titans,2026-01-03,#1,Aiden Hawkinson,G,"6'3""",180 lbs,FR,Bench,Shooter,No C & S 3's,True,75,Guard,{'three_point_shooter'},{'deny_catch_and_shoot'},three_point_shooter,deny_catch_and_shoot,,45.1%,16-40,40.0%,5-5,100.0%,1.9,8,8,13,2,6.1,11,0.5,1.5
UW-Oshkosh Titans,2026-01-03,#23,Oskar Kangas,F,"6'5""",205 lbs,FR,Bench,Shooter,Early high hand on closeouts,True,77,Forward/Post,{'three_point_shooter'},{'deny_catch_and_shoot'},three_point_shooter,deny_catch_and_shoot,,45.3%,15-38,39.5%,3-9,33.3%,3.6,9,8,7,5,6.0,11,1.1,2.5
UW-Oshkosh Titans,2026-01-03,#12,Jonah Rindfleisch,F,"6'8""",215 lbs,SR,Bench,Rebounds hard!,BOX OUT!!!,True,80,Forward/Post,{'rebounder'},{'box_out_priority'},rebounder,box_out_priority,,40.0%,1-11,9.1%,12-16,75.0%,3.8,18,13,8,5,3.0,11,1.1,2.7
UW-Oshkosh Titans,2026-01-03,#5,Matt Imig,G,"6'1""",180 lbs,SR,Bench,Shooter (C&S & off dribble),No C & S 3's,True,73,Guard,"{'catch_and_shoot', 'three_point_shooter'}",{'deny_catch_and_shoot'},"catch_and_shoot, three_point_shooter",deny_catch_and_shoot,,37.8%,9-31,29.0%,2-2,100.0%,1.1,20,9,5,0,4.1,11,0.3,0.8
St. Thomas (TX) Celts,2025-11-14,#23,Jaden Ross,,,,,Bench,,,False,,Unknown,set(),set(),,,,66.7%,0-0,-,0-0,-,0.0,0,2,1,0,4.0,1,0.0,0.0
St. Thomas (TX) Celts,2025-11-14,#11,Tamarcus Butler,,,,,Bench,,,False,,Unknown,set(),set(),,,,0.0%,0-2,0.0%,0-0,-,1.5,1,0,1,0,0.0,2,1.0,0.5
St. Thomas (TX) Celts,2025-11-14,#13,Legborsi Mato,,,,,Bench,,,False,,Unknown,set(),set(),,,,66.7%,1-2,50.0%,0-0,-,0.0,0,1,0,0,2.5,2,0.0,0.0
Eureka Red Devils,2025-11-15,#35,Max Richardson,,,,,Bench,,,False,,Unknown,set(),set(),,,,25.0%,1-3,33.3%,3-4,75.0%,0.7,0,3,0,0,2.0,3,0.3,0.3
Eureka Red Devils,2025-11-15,#20,Nolan Kerr,,,,,Bench,,,False,,Unknown,set(),set(),,,,37.5%,1-2,50.0%,0-0,-,1.3,2,2,1,0,2.3,3,1.0,0.3
Eureka Red Devils,2025-11-15,#22,Tony Mabon,,,,,Bench,,,False,,Unknown,set(),set(),,,,20.0%,0-0,-,0-0,-,2.0,0,0,0,0,2.0,1,1.0,1.0
Eureka Red Devils,2025-11-15,#15,Amare Brokemond,,,,,Bench,,,False,,Unknown,set(),set(),,,,0.0%,0-0,-,0-0,-,0.5,0,0,0,0,0.0,2,0.0,0.5
Eureka Red Devils,2025-11-15,#3,Blake Logsdon,,,,,Bench,,,False,,Unknown,set(),set(),,,,50.0%,0-0,-,0-1,0.0%,1.7,0,1,0,0,0.7,3,0.3,1.3
Eureka Red Devils,2025-11-15,#0,Colin DeLaere,,,,,Bench,,,False,,Unknown,set(),set(),,,,40.0%,0-2,0.0%,1-3,33.3%,0.7,0,2,2,0,1.7,3,0.0,0.7
Eureka Red Devils,2025-11-15,#1,Dylan Logsdon,,,,,Bench,,,False,,Unknown,set(),set(),,,,-,0-0,-,0-0,-,0.0,0,1,0,0,0.0,1,0.0,0.0
Aurora Spartans,2025-11-19,#0,Cullen Rauls,,,,,Bench,,,False,,Unknown,set(),set(),,,,14.3%,1-5,20.0%,1-3,33.3%,1.0,1,0,4,0,2.0,2,0.5,0.5
Aurora Spartans,2025-11-19,#30,Alex Ross,,,,,Bench,,,False,,Unknown,set(),set(),,,,50.0%,2-4,50.0%,1-2,50.0%,0.0,1,0,0,0,1.8,4,0.0,0.0
Aurora Spartans,2025-11-19,#21,Isaiah Thompson,,,,,Bench,,,False,,Unknown,set(),set(),,,,16.7%,1-5,20.0%,0-0,-,0.5,1,1,1,0,0.8,4,0.0,0.5
Simpson Storm,2025-11-25,#35,Nathaniel Winter,,,,,Bench,,,False,,Unknown,set(),set(),,,,,,,,,,,,,,,,,
Simpson Storm,2025-11-25,#15,Seth Gipple,,,,,Bench,,,False,,Unknown,set(),set(),,,,,,,,,,,,,,,,,
Simpson Storm,2025-11-25,#4,Camden Seuferer,,,,,Bench,,,False,,Unknown,set(),set(),,,,,,,,,,,,,,,,,
Simpson Storm,2025-11-25,#1,Michael Kasperbauer,,,,,Bench,,,False,,Unknown,set(),set(),,,,,,,,,,,,,,,,,
Simpson Storm,2025-11-25,#5,Mateo Dzolota,,,,,Bench,,,False,,Unknown,set(),set(),,,,,,,,,,,,,,,,,
Ripon Red Hawks,2025-11-07,#23,Keenan Rahn,,,,,Bench,,,False,,Unknown,set(),set(),,,,,,,,,,,,,,,,,
Ripon Red Hawks,2025-11-07,#11,Sam Leoni,,,,,Bench,,,False,,Unknown,set(),set(),,,,,,,,,,,,,,,,,
Ripon Red Hawks,2025-11-07,#20,Anton Kilde,,,,,Bench,,,False,,Unknown,set(),set(),,,,,,,,,,,,,,,,,
Ripon Red Hawks,2025-11-07,#2,Caeden Holly,,,,,Bench,,,False,,Unknown,set(),set(),,,,,,,,,,,,,,,,,
Lawrence Vikings,2025-12-10,#5,Cameron Nash,,,,,Bench,,,False,,Unknown,set(),set(),,,,,,,,,,,,,,,,,
Carroll (WI) Pioneers,2025-12-13,#11,Evan Oleson,,,,,Bench,,,False,,Unknown,set(),set(),,,,-,0-0,-,0-0,-,0.0,0,1,0,0,0.0,1,0.0,0.0
Carroll (WI) Pioneers,2025-12-13,#22,Andrew Hollerich,,,,,Bench,,,False,,Unknown,set(),set(),,,,-,0-0,-,0-0,-,1.0,0,2,0,0,0.0,1,0.0,1.0
Carroll (WI) Pioneers,2025-12-13,#10,Cai Joseph,,,,,Bench,,,False,,Unknown,set(),set(),,,,-,0-0,-,0-0,-,2.0,0,0,0,0,0.0,1,0.0,2.0
Alma Scots,2025-12-20,#23,Darrion Sardo,,,,,Bench,,,False,,Unknown,set(),set(),,,,62.5%,2-5,40.0%,4-5,80.0%,0.1,0,2,2,0,2.3,7,0.0,0.1
Elmhurst Bluejays,2025-12-02,#35,Oliver Adams,,,,,Bench,,,False,,Unknown,set(),set(),,,,100.0%,0-0,-,1-2,50.0%,0.6,0,0,0,0,0.6,5,0.0,0.6
Coe Kohawks,2025-12-30,#1,Cole Hrubes,,,,,Bench,,,False,,Unknown,set(),set(),,,,,,,,,,,,,,,,,
Coe Kohawks,2025-12-30,#30,Zach Strauss,,,,,Bench,,,False,,Unknown,set(),set(),,,,,,,,,,,,,,,,,
Coe Kohawks,2025-12-30,#0,Aleks Jajic,,,,,Bench,,,False,,Unknown,set(),set(),,,,,,,,,,,,,,,,,
UW-Oshkosh Titans,2026-01-03,#11,Jay Dalton,,,,,Bench,,,False,,Unknown,set(),set(),,,,43.3%,2-15,13.3%,7-12,58.3%,1.7,8,7,6,2,6.1,10,0.3,1.4
UW-Oshkosh Titans,2026-01-03,#20,Vitorio Dante,,,,,Bench,,,False,,Unknown,set(),set(),,,,30.2%,4-20,20.0%,6-10,60.0%,3.3,2,5,1,2,4.0,9,1.4,1.9
UW-Oshkosh Titans,2026-01-03,#34,AJ Ohrmundt,,,,,Bench,,,False,,Unknown,set(),set(),,,,29.2%,0-11,0.0%,2-4,50.0%,1.0,5,2,4,4,1.6,10,0.5,0.5
UW-Oshkosh Titans,2026-01-03,#30,Adam Guyette,,,,,Bench,,,False,,Unknown,set(),set(),,,,30.0%,0-6,0.0%,1-2,50.0%,0.1,1,0,1,1,0.9,8,0.0,0.1
UW-Oshkosh Titans,2026-01-03,#22,Reed Seckar,,,,,Bench,,,False,,Unknown,set(),set(),,,,25.0%,0-4,0.0%,0-0,-,0.6,3,0,3,0,0.8,5,0.0,0.6
UW-Oshkosh Titans,2026-01-03,#24,Max Tutas,,,,,Bench,,,False,,Unknown,set(),set(),,,,25.0%,1-2,50.0%,1-2,50.0%,1.3,0,1,0,0,0.7,6,0.5,0.8
UW-Oshkosh Titans,2026-01-03,#44,Tristan Johanknecht,,,,,Bench,,,False,,Unknown,set(),set(),,,,33.3%,0-1,0.0%,1-6,16.7%,1.2,1,2,0,3,0.6,8,0.4,0.9
UW-Stevens Point Pointers,2026-01-07,,Austin Schaumburg,,,,,Bench,,,False,,Unknown,set(),set(),,,1.5,0.0%,0-1,0.0%,0-0,-,0.7,0,0,0,0,0.0,3,,
UW-Stevens Point Pointers,2026-01-07,,Brandon Tilley,,,,,Bench,,,False,,Unknown,set(),set(),,,1.2,50.0%,0-0,-,0-0,-,0.0,0,0,0,0,2.0,1,,
UW-Stevens Point Pointers,2026-01-07,,Cal Krohn,,,,,Bench,,,False,,Unknown,set(),set(),,,31.0,60.2%,0-3,0.0%,45-73,61.6%,4.3,26,17,6,4,15.8,13,,
UW-Stevens Point Pointers,2026-01-07,,Carter Combs,,,,,Bench,,,False,,Unknown,set(),set(),,,30.3,50.0%,12-24,50.0%,12-17,70.6%,5.5,37,20,18,1,5.4,13,,
UW-Stevens Point Pointers,2026-01-07,,Drew Daoust,,,,,Bench,,,False,,Unknown,set(),set(),,,6.2,30.8%,2-10,20.0%,2-4,50.0%,0.6,3,4,2,1,1.5,8,,
UW-Stevens Point Pointers,2026-01-07,,Dylan Taylor,,,,,Bench,,,False,,Unknown,set(),set(),,,1.4,-,0-0,-,0-0,-,0.0,0,0,0,0,0.0,2,,
UW-Stevens Point Pointers,2026-01-07,,Emmitt Huhn,,,,,Bench,,,False,,Unknown,set(),set(),,,1.2,0.0%,0-0,-,0-0,-,0.0,0,0,0,0,0.0,1,,
UW-Stevens Point Pointers,2026-01-07,,Grant Manz,,,,,Bench,,,False,,Unknown,set(),set(),,,7.5,65.0%,0-0,-,4-10,40.0%,1.8,7,8,2,1,2.3,13,,
UW-Stevens Point Pointers,2026-01-07,,Isaiah Moore,,,,,Bench,,,False,,Unknown,set(),set(),,,18.5,50.0%,6-20,30.0%,4-7,57.1%,4.1,10,7,12,1,5.8,10,,
UW-Stevens Point Pointers,2026-01-07,,James Jacobs,,,,,Bench,,,False,,Unknown,set(),set(),,,4.0,33.3%,0-1,0.0%,0-0,-,1.0,5,3,1,0,0.4,5,,
UW-Stevens Point Pointers,2026-01-07,,Josh Bocher,,,,,Bench,,,False,,Unknown,set(),set(),,,18.0,51.4%,0-3,0.0%,9-18,50.0%,3.7,3,4,7,5,7.8,6,,
UW-Stevens Point Pointers,2026-01-07,,Josiah Butler,,,,,Bench,,,False,,Unknown,set(),set(),,,32.8,47.4%,21-61,34.4%,66-75,88.0%,3.5,17,23,12,0,16.5,13,,
UW-Stevens Point Pointers,2026-01-07,,Logan Baumgartner,,,,,Bench,,,False,,Unknown,set(),set(),,,20.8,39.1%,20-68,29.4%,30-37,81.1%,3.4,22,25,15,1,9.4,13,,
UW-Stevens Point Pointers,2026-01-07,,Max Raimer,,,,,Bench,,,False,,Unknown,set(),set(),,,13.1,41.5%,3-18,16.7%,16-29,55.2%,1.2,4,2,8,1,4.1,13,,
UW-Stevens Point Pointers,2026-01-07,,Nick Fox,,,,,Bench,,,False,,Unknown,set(),set(),,,1.2,-,0-0,-,0-0,-,0.0,0,0,0,0,0.0,1,,
UW-Stevens Point Pointers,2026-01-07,,Seth Miron,,,,,Bench,,,False,,Unknown,set(),set(),,,32.9,49.3%,12-47,25.5%,36-52,69.2%,4.8,41,18,16,4,15.2,13,,
UW-Stevens Point Pointers,2026-01-07,,Shane Tarjan,,,,,Bench,,,False,,Unknown,set(),set(),,,3.5,50.0%,0-0,-,0-0,-,0.6,2,1,1,0,0.2,8,,
UW-Stevens Point Pointers,2026-01-07,,Tyler Orr,,,,,Bench,,,False,,Unknown,set(),set(),,,5.6,16.7%,2-8,25.0%,0-0,-,1.2,2,1,0,0,0.7,9,,
UW-Stevens Point Pointers,2026-01-07,,Zach Orr,,,,,Bench,,,False,,Unknown,set(),set(),,,5.2,0.0%,0-0,-,0-0,-,1.0,0,1,0,0,0.0,1,,
