opponent,game_date,team,player,PTS,FGM,FGA,FG3M,FG3A,FTM,FTA,OREB,DREB,AST,STL,BLK,TO,PF,REB,FG%,3P%,FT%,MIN,started
Bethany Lutheran Vikings,2025-11-21,Bethany Lutheran Vikings,Amory Peterson,2,1,3,0,1,0,0,1,1,0,2,0,2,5,2,33.3,0.0,,16.0,False
Bethany Lutheran Vikings,2025-11-21,Bethany Lutheran Vikings,Blue Smaller,3,1,1,0,0,1,2,0,1,0,0,0,2,2,1,100.0,,50.0,19.3,False
Bethany Lutheran Vikings,2025-11-21,Bethany Lutheran Vikings,Brady Ingersoll,0,0,0,0,0,0,0,0,0,0,0,0,2,0,0,,,,8.9,False
Bethany Lutheran Vikings,2025-11-21,Bethany Lutheran Vikings,Cole Johnson,0,0,1,0,0,0,0,1,1,2,1,0,2,1,2,0.0,,,18.1,False
Bethany Lutheran Vikings,2025-11-21,Bethany Lutheran Vikings,Cooper Mensink,2,1,6,0,5,0,0,1,1,0,0,0,0,1,2,16.7,0.0,,5.1,False
Bethany Lutheran Vikings,2025-11-21,Bethany Lutheran Vikings,Eli Rogers,0,0,0,0,0,0,0,0,0,0,0,0,0,0,0,,,,0.0,False
Bethany Lutheran Vikings,2025-11-21,Bethany Lutheran Vikings,Elliot Whitney,2,1,9,0,4,0,0,2,5,4,1,0,5,2,7,11.1,0.0,,25.1,False
Bethany Lutheran Vikings,2025-11-21,Bethany Lutheran Vikings,Jack Brockmann,13,6,10,1,1,0,0,2,6,1,0,1,3,4,8,60.0,100.0,,33.8,False
Bethany Lutheran Vikings,2025-11-21,Bethany Lutheran Vikings,Max Briggs,24,3,10,2,7,16,17,1,4,4,1,1,2,2,5,30.0,28.6,94.1,33.8,False
Bethany Lutheran Vikings,2025-11-21,Bethany Lutheran Vikings,Rysley Borman,8,3,7,2,6,0,0,0,1,1,0,0,1,1,1,42.9,33.3,,18.3,False
Bethany Lutheran Vikings,2025-11-21,Bethany Lutheran Vikings,Will Walter,13,5,10,3,6,0,0,2,2,0,1,0,0,2,4,50.0,50.0,,20.4,False
Bethany Lutheran Vikings,2025-11-21,UW-Stevens Point Pointers,Cal Krohn,12,5,11,0,1,2,2,2,2,2,1,1,3,4,4,45.5,0.0,100.0,33.8,True
Bethany Lutheran Vikings,2025-11-21,UW-Stevens Point Pointers,Carter Combs,11,4,9,3,6,0,0,2,6,4,2,0,1,5,8,44.4,50.0,,32.8,True
Bethany Lutheran Vikings,2025-11-21,UW-Stevens Point Pointers,Drew Daoust,0,0,2,0,2,0,0,0,0,1,1,0,1,1,0,0.0,0.0,,8.9,False
Bethany Lutheran Vikings,2025-11-21,UW-Stevens Point Pointers,Grant Manz,2,1,1,0,0,0,0,1,2,0,0,0,2,1,3,100.0,,,5.4,False
Bethany Lutheran Vikings,2025-11-21,UW-Stevens Point Pointers,Josh Bocher,8,2,2,0,0,4,5,1,2,1,1,0,0,2,3,100.0,,80.0,16.2,False
Bethany Lutheran Vikings,2025-11-21,UW-Stevens Point Pointers,Josiah Butler,15,3,7,1,4,8,8,0,2,2,1,0,2,4,2,42.9,25.0,100.0,17.9,True
Bethany Lutheran Vikings,2025-11-21,UW-Stevens Point Pointers,Logan Baumgartner,4,2,5,0,3,0,2,0,4,2,0,0,1,3,4,40.0,0.0,0.0,20.6,True
Bethany Lutheran Vikings,2025-11-21,UW-Stevens Point Pointers,Max Raimer,11,5,13,1,5,0,4,1,0,0,3,0,0,1,1,38.5,20.0,0.0,26.5,False
Bethany Lutheran Vikings,2025-11-21,UW-Stevens Point Pointers,Seth Miron,15,6,12,2,5,1,2,3,4,1,1,2,1,0,7,50.0,40.0,50.0,36.2,True
Bethany Lutheran Vikings,2025-11-21,UW-Stevens Point Pointers,Shane Tarjan,0,0,0,0,0,0,0,0,0,0,0,0,0,0,0,,,,0.4,False
Edgewood Eagles,2025-11-15,Edgewood Eagles,AC Strok,5,1,1,1,1,2,2,0,3,0,0,0,1,2,3,100.0,100.0,100.0,14.0,False
Edgewood Eagles,2025-11-15,Edgewood Eagles,Hunter Hardyman,8,2,6,2,5,2,2,0,5,1,1,0,4,4,5,33.3,40.0,100.0,23.6,False
Edgewood Eagles,2025-11-15,Edgewood Eagles,Isaiah Hubanks,3,1,3,0,2,1,1,0,2,2,0,0,0,2,2,33.3,0.0,100.0,21.8,False
Edgewood Eagles,2025-11-15,Edgewood Eagles,Jonah Anderson,6,1,1,0,0,4,8,1,0,1,0,0,2,4,1,100.0,,50.0,9.4,False
Edgewood Eagles,2025-11-15,Edgewood Eagles,Kaleb Walter,6,2,2,0,0,2,2,0,3,1,1,0,2,2,3,100.0,,100.0,15.3,False
Edgewood Eagles,2025-11-15,Edgewood Eagles,Logan Steffensmeier,1,0,0,0,0,1,2,0,2,0,0,0,1,4,2,,,50.0,15.4,False
Edgewood Eagles,2025-11-15,Edgewood Eagles,Matt Kirk,22,8,12,1,3,5,8,2,7,5,1,0,6,2,9,66.7,33.3,62.5,34.6,False
Edgewood Eagles,2025-11-15,Edgewood Eagles,Payton Bowser,7,2,9,1,7,2,2,0,0,1,0,0,1,2,0,22.2,14.3,100.0,24.9,False
Edgewood Eagles,2025-11-15,Edgewood Eagles,Trent Tousana,17,5,11,4,8,3,7,0,2,3,0,0,1,2,2,45.5,50.0,42.9,30.7,False
Edgewood Eagles,2025-11-15,Edgewood Eagles,Zane Willadsen,0,0,0,0,0,0,0,0,1,0,0,0,0,4,1,,,,8.1,False
Edgewood Eagles,2025-11-15,UW-Stevens Point Pointers,Cal Krohn,15,4,8,0,1,7,13,0,5,1,0,0,0,1,5,50.0,0.0,53.8,35.6,True
Edgewood Eagles,2025-11-15,UW-Stevens Point Pointers,Carter Combs,7,1,3,1,2,4,4,1,4,2,0,0,1,5,5,33.3,50.0,100.0,25.9,True
Edgewood Eagles,2025-11-15,UW-Stevens Point Pointers,Grant Manz,0,0,0,0,0,0,0,0,0,0,0,0,1,1,0,,,,2.3,False
Edgewood Eagles,2025-11-15,UW-Stevens Point Pointers,Isaiah Moore,11,5,10,1,4,0,2,1,6,2,3,0,2,4,7,50.0,25.0,0.0,30.5,False
Edgewood Eagles,2025-11-15,UW-Stevens Point Pointers,Josiah Butler,26,6,11,1,3,13,15,1,1,2,2,0,1,3,2,54.5,33.3,86.7,36.5,True
Edgewood Eagles,2025-11-15,UW-Stevens Point Pointers,Logan Baumgartner,8,2,6,2,6,2,2,1,2,2,1,0,3,4,3,33.3,33.3,100.0,18.5,True
Edgewood Eagles,2025-11-15,UW-Stevens Point Pointers,Max Raimer,8,2,4,0,2,4,5,1,3,0,2,0,0,5,4,50.0,0.0,80.0,18.8,False
Edgewood Eagles,2025-11-15,UW-Stevens Point Pointers,Seth Miron,11,4,8,1,2,2,2,4,3,2,1,0,1,4,7,50.0,50.0,100.0,25.5,True
Edgewood Eagles,2025-11-15,UW-Stevens Point Pointers,Shane Tarjan,0,0,0,0,0,0,0,0,0,0,0,0,0,0,0,,,,1.1,False
Edgewood Eagles,2025-11-15,UW-Stevens Point Pointers,Tyler Orr,0,0,1,0,1,0,0,0,1,0,0,0,1,1,1,0.0,0.0,,3.0,False
Hardin-Simmons Cowboys,2025-12-20,Hardin-Simmons Cowboys,Andrew Messenger,2,1,3,0,1,0,0,0,0,0,0,0,0,0,0,33.3,0.0,,3.3,False
Hardin-Simmons Cowboys,2025-12-20,Hardin-Simmons Cowboys,Asher Fleming,8,3,6,0,1,2,2,0,6,1,0,1,2,4,6,50.0,0.0,100.0,32.7,False
Hardin-Simmons Cowboys,2025-12-20,Hardin-Simmons Cowboys,Chris Bryant,14,4,10,0,0,6,9,3,3,1,0,2,2,4,6,40.0,,66.7,28.9,False
Hardin-Simmons Cowboys,2025-12-20,Hardin-Simmons Cowboys,DJ Jones,3,1,4,1,4,0,0,0,1,0,0,0,2,0,1,25.0,25.0,,17.6,False
Hardin-Simmons Cowboys,2025-12-20,Hardin-Simmons Cowboys,Gavin Davis,3,1,5,1,3,0,0,1,0,1,0,0,1,3,1,20.0,33.3,,19.4,False
Hardin-Simmons Cowboys,2025-12-20,Hardin-Simmons Cowboys,Jamar Ingram,8,4,5,0,0,0,0,0,4,1,0,0,2,1,4,80.0,,,17.6,False
Hardin-Simmons Cowboys,2025-12-20,Hardin-Simmons Cowboys,Jared Cox,2,0,0,0,0,2,2,1,0,0,0,0,0,0,1,,,100.0,4.4,False
Hardin-Simmons Cowboys,2025-12-20,Hardin-Simmons Cowboys,Matthew Alexander,11,4,9,2,4,1,2,0,8,2,1,0,1,2,8,44.4,50.0,50.0,26.1,False
Hardin-Simmons Cowboys,2025-12-20,Hardin-Simmons Cowboys,Myles Amason,2,0,1,0,0,2,2,0,1,0,0,1,0,2,1,0.0,,100.0,14.9,False
Hardin-Simmons Cowboys,2025-12-20,Hardin-Simmons Cowboys,Noah Lamey,0,0,0,0,0,0,0,0,1,0,0,0,0,0,1,,,,2.4,False
Hardin-Simmons Cowboys,2025-12-20,Hardin-Simmons Cowboys,Trevion Howell,2,1,3,0,2,0,0,1,2,1,0,0,0,1,3,33.3,0.0,,10.4,False
Hardin-Simmons Cowboys,2025-12-20,Hardin-Simmons Cowboys,Tyler Williams,6,1,3,0,0,4,6,0,0,0,0,1,2,4,0,33.3,,66.7,21.5,False
Hardin-Simmons Cowboys,2025-12-20,UW-Stevens Point Pointers,Cal Krohn,14,7,12,0,0,0,2,0,1,1,1,0,1,5,1,58.3,,0.0,28.0,True
Hardin-Simmons Cowboys,2025-12-20,UW-Stevens Point Pointers,Carter Combs,4,2,4,0,0,0,1,1,4,3,4,0,1,1,5,50.0,,0.0,36.9,True
Hardin-Simmons Cowboys,2025-12-20,UW-Stevens Point Pointers,Grant Manz,0,0,0,0,0,0,0,0,1,0,0,0,0,0,1,,,,5.1,False
Hardin-Simmons Cowboys,2025-12-20,UW-Stevens Point Pointers,Isaiah Moore,2,1,2,0,0,0,0,1,7,1,1,0,0,3,8,50.0,,,19.1,False
Hardin-Simmons Cowboys,2025-12-20,UW-Stevens Point Pointers,Josh Bocher,4,1,3,0,0,2,6,0,1,0,0,0,0,2,1,33.3,,33.3,16.3,False
Hardin-Simmons Cowboys,2025-12-20,UW-Stevens Point Pointers,Josiah Butler,22,6,13,4,6,6,6,4,4,0,0,0,1,3,8,46.2,66.7,100.0,35.8,True
Hardin-Simmons Cowboys,2025-12-20,UW-Stevens Point Pointers,Logan Baumgartner,6,0,5,0,4,6,6,0,4,2,1,0,1,3,4,0.0,0.0,100.0,20.3,True
Hardin-Simmons Cowboys,2025-12-20,UW-Stevens Point Pointers,Max Raimer,0,0,0,0,0,0,2,1,0,0,0,0,0,0,1,,,0.0,4.7,False
Hardin-Simmons Cowboys,2025-12-20,UW-Stevens Point Pointers,Seth Miron,13,5,14,1,4,2,5,2,2,1,3,0,3,3,4,35.7,25.0,40.0,33.1,True
Lakeland Muskies,2025-12-29,Lakeland Muskies,Adison Mittelstadt,5,2,3,1,1,0,0,0,2,0,0,0,1,0,2,66.7,100.0,,12.9,False
Lakeland Muskies,2025-12-29,Lakeland Muskies,Asanjai Hunter,15,4,13,1,6,6,8,1,3,2,0,0,3,3,4,30.8,16.7,75.0,28.9,False
Lakeland Muskies,2025-12-29,Lakeland Muskies,Austin Hohn,0,0,0,0,0,0,0,0,0,0,0,0,0,0,0,,,,0.8,False
Lakeland Muskies,2025-12-29,Lakeland Muskies,Camden Schurk,0,0,0,0,0,0,0,0,0,0,0,0,0,0,0,,,,1.2,False
Lakeland Muskies,2025-12-29,Lakeland Muskies,Delon Zollicoffer-White,4,2,3,0,0,0,0,0,4,0,2,1,3,3,4,66.7,,,10.2,False
Lakeland Muskies,2025-12-29,Lakeland Muskies,Emmitt Konieczny,3,1,2,1,1,0,0,0,0,0,0,0,0,1,0,50.0,100.0,,21.4,False
Lakeland Muskies,2025-12-29,Lakeland Muskies,Gage Cornell,5,2,4,1,2,0,0,0,0,1,0,0,3,2,0,50.0,50.0,,17.4,False
Lakeland Muskies,2025-12-29,Lakeland Muskies,Jamar Lampley Jr.,0,0,0,0,0,0,0,0,0,0,0,0,0,0,0,,,,1.2,False
Lakeland Muskies,2025-12-29,Lakeland Muskies,Jaxson Dillon,18,5,11,4,9,4,5,0,2,1,1,0,4,3,2,45.5,44.4,80.0,26.3,False
Lakeland Muskies,2025-12-29,Lakeland Muskies,Max Justic,3,1,1,1,1,0,0,0,1,1,1,0,2,1,1,100.0,100.0,,24.2,False
Lakeland Muskies,2025-12-29,Lakeland Muskies,Parker Braun,8,3,6,1,2,1,2,0,2,2,4,0,0,4,2,50.0,50.0,50.0,29.4,False
Lakeland Muskies,2025-12-29,Lakeland Muskies,Peyton Mrotek,5,2,7,0,2,1,1,0,2,1,0,1,0,1,2,28.6,0.0,100.0,21.5,False
Lakeland Muskies,2025-12-29,Lakeland Muskies,RJ Hines Jr.,4,2,2,0,0,0,0,1,2,0,0,0,0,0,3,100.0,,,3.0,False
Lakeland Muskies,2025-12-29,UW-Stevens Point Pointers,Austin Schaumburg,0,0,1,0,0,0,0,1,0,0,0,0,0,0,1,0.0,,,1.2,False
Lakeland Muskies,2025-12-29,UW-Stevens Point Pointers,Brandon Tilley,2,1,2,0,0,0,0,0,0,0,0,0,0,0,0,50.0,,,1.2,False
Lakeland Muskies,2025-12-29,UW-Stevens Point Pointers,Cal Krohn,13,5,8,0,0,3,4,1,6,4,1,0,3,2,7,62.5,,75.0,19.5,True
Lakeland Muskies,2025-12-29,UW-Stevens Point Pointers,Carter Combs,6,2,2,0,0,2,4,0,6,4,2,0,1,4,6,100.0,,50.0,26.0,True
Lakeland Muskies,2025-12-29,UW-Stevens Point Pointers,Drew Daoust,0,0,0,0,0,0,0,0,0,0,0,0,1,0,0,,,,1.9,False
Lakeland Muskies,2025-12-29,UW-Stevens Point Pointers,Dylan Taylor,0,0,0,0,0,0,0,0,0,0,0,0,0,0,0,,,,2.3,False
Lakeland Muskies,2025-12-29,UW-Stevens Point Pointers,Emmitt Huhn,0,0,1,0,0,0,0,0,0,0,0,0,0,0,0,0.0,,,1.2,False
Lakeland Muskies,2025-12-29,UW-Stevens Point Pointers,Grant Manz,5,2,3,0,0,1,2,0,1,2,0,0,0,1,1,66.7,,50.0,9.4,False
Lakeland Muskies,2025-12-29,UW-Stevens Point Pointers,Isaiah Moore,3,1,2,1,1,0,0,0,5,1,0,0,0,0,5,50.0,100.0,,10.3,False
Lakeland Muskies,2025-12-29,UW-Stevens Point Pointers,James Jacobs,0,0,0,0,0,0,0,0,0,0,0,0,0,1,0,,,,1.9,False
Lakeland Muskies,2025-12-29,UW-Stevens Point Pointers,Josh Bocher,7,3,7,0,2,1,4,0,0,0,2,1,0,0,0,42.9,0.0,25.0,11.0,False
Lakeland Muskies,2025-12-29,UW-Stevens Point Pointers,Josiah Butler,12,5,7,1,1,1,1,1,1,4,1,0,3,1,2,71.4,100.0,100.0,33.4,True
Lakeland Muskies,2025-12-29,UW-Stevens Point Pointers,Logan Baumgartner,6,2,4,1,2,1,4,1,2,3,1,0,2,1,3,50.0,50.0,25.0,20.1,True
Lakeland Muskies,2025-12-29,UW-Stevens Point Pointers,Max Raimer,9,4,6,0,1,1,1,2,0,1,1,0,0,0,2,66.7,0.0,100.0,20.0,False
Lakeland Muskies,2025-12-29,UW-Stevens Point Pointers,Nick Fox,0,0,0,0,0,0,0,0,0,0,0,0,0,0,0,,,,1.2,False
Lakeland Muskies,2025-12-29,UW-Stevens Point Pointers,Seth Miron,21,9,12,2,3,1,2,2,3,2,3,0,1,1,5,75.0,66.7,50.0,31.5,True
Lakeland Muskies,2025-12-29,UW-Stevens Point Pointers,Shane Tarjan,0,0,1,0,0,0,0,0,0,0,0,0,0,0,0,0.0,,,1.9,False
Lakeland Muskies,2025-12-29,UW-Stevens Point Pointers,Tyler Orr,3,1,2,1,1,0,0,0,0,0,0,0,0,0,0,50.0,100.0,,4.2,False
MSOE Raiders,2025-11-08,MSOE Raiders,Brady Gregg,2,1,1,0,0,0,0,0,0,0,0,0,0,0,0,100.0,,,0.3,False
MSOE Raiders,2025-11-08,MSOE Raiders,Brock Adams,0,0,0,0,0,0,0,0,0,0,0,0,0,0,0,,,,0.4,False
MSOE Raiders,2025-11-08,MSOE Raiders,CJ Valente,4,2,2,0,0,0,0,1,0,0,0,0,0,1,1,100.0,,,16.6,False
MSOE Raiders,2025-11-08,MSOE Raiders,Carson Cordelli,6,2,4,0,1,2,3,0,3,0,1,0,2,4,3,50.0,0.0,66.7,17.8,False
MSOE Raiders,2025-11-08,MSOE Raiders,Chad Coplin,0,0,1,0,0,0,0,0,0,0,0,0,0,0,0,0.0,,,0.3,False
MSOE Raiders,2025-11-08,MSOE Raiders,Chase Cummings,8,3,10,1,6,1,1,0,5,2,0,0,3,1,5,30.0,16.7,100.0,35.5,False
MSOE Raiders,2025-11-08,MSOE Raiders,Daniel Franklin IV,0,0,2,0,1,0,0,0,0,0,0,0,0,0,0,0.0,0.0,,7.2,False
MSOE Raiders,2025-11-08,MSOE Raiders,Dubem Igwilo,0,0,0,0,0,0,0,0,0,0,0,0,0,0,0,,,,0.3,False
MSOE Raiders,2025-11-08,MSOE Raiders,Isaac Wit,6,2,3,2,2,0,0,1,0,0,0,0,0,1,1,66.7,100.0,,23.5,False
MSOE Raiders,2025-11-08,MSOE Raiders,Jace Paul,0,0,0,0,0,0,0,0,1,0,0,0,0,0,1,,,,2.0,False
MSOE Raiders,2025-11-08,MSOE Raiders,Joey Jendusa,9,3,7,1,2,2,2,2,1,3,2,0,2,0,3,42.9,50.0,100.0,30.9,False
MSOE Raiders,2025-11-08,MSOE Raiders,Jonathan Burroughs,14,5,11,3,5,1,1,0,3,4,1,0,1,3,3,45.5,60.0,100.0,30.5,False
MSOE Raiders,2025-11-08,MSOE Raiders,Kolby Henderlong,0,0,1,0,1,0,0,0,0,0,1,0,0,0,0,0.0,0.0,,1.2,False
MSOE Raiders,2025-11-08,MSOE Raiders,Mason Accidentale,0,0,0,0,0,0,0,0,0,0,0,0,0,0,0,,,,0.3,False
MSOE Raiders,2025-11-08,MSOE Raiders,Matus Dopirak,10,3,8,0,2,4,4,0,5,3,0,0,0,2,5,37.5,0.0,100.0,22.8,False
MSOE Raiders,2025-11-08,MSOE Raiders,Quinn Rosenberg,0,0,3,0,2,0,0,2,0,1,0,0,1,0,2,0.0,0.0,,9.0,False
MSOE Raiders,2025-11-08,UW-Stevens Point Pointers,Austin Schaumburg,0,0,0,0,0,0,0,0,0,0,0,0,0,0,0,,,,0.3,False
MSOE Raiders,2025-11-08,UW-Stevens Point Pointers,Cal Krohn,21,8,13,0,0,5,7,2,4,3,0,0,1,2,6,61.5,,71.4,29.8,True
MSOE Raiders,2025-11-08,UW-Stevens Point Pointers,Carter Combs,6,2,2,2,2,0,0,0,4,2,0,0,0,4,4,100.0,100.0,,15.2,True
MSOE Raiders,2025-11-08,UW-Stevens Point Pointers,Drew Daoust,0,0,1,0,1,0,0,0,0,1,0,0,0,0,0,0.0,0.0,,5.4,False
MSOE Raiders,2025-11-08,UW-Stevens Point Pointers,Grant Manz,2,1,1,0,0,0,0,0,2,1,0,0,0,2,2,100.0,,,12.3,False
MSOE Raiders,2025-11-08,UW-Stevens Point Pointers,Isaiah Moore,4,2,5,0,2,0,0,3,1,1,1,0,0,3,4,40.0,0.0,,22.6,False
MSOE Raiders,2025-11-08,UW-Stevens Point Pointers,James Jacobs,2,1,1,0,0,0,0,0,0,0,0,0,2,0,0,100.0,,,2.2,False
MSOE Raiders,2025-11-08,UW-Stevens Point Pointers,Josiah Butler,24,7,15,4,8,6,7,1,4,2,1,0,1,2,5,46.7,50.0,85.7,36.6,True
MSOE Raiders,2025-11-08,UW-Stevens Point Pointers,Logan Baumgartner,11,4,8,3,7,0,0,1,3,0,1,0,1,2,4,50.0,42.9,,29.6,True
MSOE Raiders,2025-11-08,UW-Stevens Point Pointers,Max Raimer,0,0,0,0,0,0,0,0,1,0,0,0,0,0,1,,,,4.4,False
MSOE Raiders,2025-11-08,UW-Stevens Point Pointers,Seth Miron,9,4,10,1,4,0,0,1,0,4,1,0,1,2,1,40.0,25.0,,26.2,True
MSOE Raiders,2025-11-08,UW-Stevens Point Pointers,Shane Tarjan,0,0,0,0,0,0,0,0,0,0,0,0,0,0,0,,,,4.1,False
MSOE Raiders,2025-11-08,UW-Stevens Point Pointers,Tyler Orr,0,0,2,0,2,0,0,0,3,0,0,0,0,1,3,0.0,0.0,,10.0,False
Millikin Big Blue,2025-11-22,Millikin Big Blue,Caden Nichols,3,1,3,1,3,0,0,0,0,0,0,0,1,0,0,33.3,33.3,,7.7,False
Millikin Big Blue,2025-11-22,Millikin Big Blue,Chris Ketchum,2,1,1,0,0,0,2,0,3,1,1,0,2,4,3,100.0,,0.0,19.0,False
Millikin Big Blue,2025-11-22,Millikin Big Blue,Eli Stipp,2,1,1,0,0,0,0,0,0,0,0,0,0,0,0,100.0,,,2.5,False
Millikin Big Blue,2025-11-22,Millikin Big Blue,Ian Winkler,11,5,14,1,7,0,0,1,0,4,1,0,1,3,1,35.7,14.3,,30.3,False
Millikin Big Blue,2025-11-22,Millikin Big Blue,Jacob Bullock,0,0,0,0,0,0,0,0,0,0,0,0,0,1,0,,,,2.6,False
Millikin Big Blue,2025-11-22,Millikin Big Blue,Kobe Anderson,4,2,2,0,0,0,0,0,1,3,1,0,1,2,1,100.0,,,11.2,False
Millikin Big Blue,2025-11-22,Millikin Big Blue,Lane Thomann,21,8,16,3,7,2,2,1,6,2,1,0,1,4,7,50.0,42.9,100.0,37.8,False
Millikin Big Blue,2025-11-22,Millikin Big Blue,McGrady Noyes,2,1,3,0,1,0,0,2,2,3,2,0,2,3,4,33.3,0.0,,19.3,False
Millikin Big Blue,2025-11-22,Millikin Big Blue,Nate Straughter,15,5,16,3,10,2,3,0,4,0,0,0,0,4,4,31.2,30.0,66.7,31.4,False
Millikin Big Blue,2025-11-22,Millikin Big Blue,Pat Origliasso,1,0,0,0,0,1,4,0,2,0,0,0,0,0,2,,,25.0,10.2,False
Millikin Big Blue,2025-11-22,Millikin Big Blue,Tionne Spates,2,1,2,0,0,0,1,2,1,0,1,0,2,4,3,50.0,,0.0,27.2,False
Millikin Big Blue,2025-11-22,UW-Stevens Point Pointers,Cal Krohn,10,3,6,0,0,4,7,1,6,1,0,0,1,2,7,50.0,,57.1,35.5,True
Millikin Big Blue,2025-11-22,UW-Stevens Point Pointers,Carter Combs,5,2,3,1,1,0,0,1,6,4,0,0,0,3,7,66.7,100.0,,37.3,True
Millikin Big Blue,2025-11-22,UW-Stevens Point Pointers,Drew Daoust,0,0,0,0,0,0,0,0,0,0,0,0,1,1,0,,,,6.0,False
Millikin Big Blue,2025-11-22,UW-Stevens Point Pointers,Grant Manz,0,0,0,0,0,0,0,0,1,0,0,0,0,1,1,,,,0.9,False
Millikin Big Blue,2025-11-22,UW-Stevens Point Pointers,Josiah Butler,21,4,8,2,5,11,12,1,2,0,2,0,2,2,3,50.0,40.0,91.7,36.1,True
Millikin Big Blue,2025-11-22,UW-Stevens Point Pointers,Logan Baumgartner,17,5,13,4,11,3,3,1,6,4,1,0,7,3,7,38.5,36.4,100.0,32.8,True
Millikin Big Blue,2025-11-22,UW-Stevens Point Pointers,Max Raimer,2,0,3,0,2,2,2,1,0,0,0,0,0,0,1,0.0,0.0,100.0,14.4,False
Millikin Big Blue,2025-11-22,UW-Stevens Point Pointers,Seth Miron,14,6,13,0,4,2,3,1,3,4,1,0,2,4,4,46.2,0.0,66.7,30.2,True
Millikin Big Blue,2025-11-22,UW-Stevens Point Pointers,Shane Tarjan,0,0,0,0,0,0,0,0,2,0,0,0,0,0,2,,,,5.8,False
North Central (MN) Rams,2025-12-06,North Central (MN) Rams,Carmello McNeal,16,6,10,0,1,4,7,0,2,2,6,0,2,3,2,60.0,0.0,57.1,31.3,False
North Central (MN) Rams,2025-12-06,North Central (MN) Rams,Carrington McNeal,16,7,12,2,4,0,1,1,7,5,5,1,1,4,8,58.3,50.0,0.0,37.0,False
North Central (MN) Rams,2025-12-06,North Central (MN) Rams,Connor Yslas,0,0,1,0,0,0,0,0,1,1,0,0,0,1,1,0.0,,,3.4,False
North Central (MN) Rams,2025-12-06,North Central (MN) Rams,Elijah Smith,2,1,2,0,0,0,0,1,1,0,0,0,1,2,2,50.0,,,18.0,False
North Central (MN) Rams,2025-12-06,North Central (MN) Rams,Jacob Becher,0,0,0,0,0,0,0,0,0,1,0,0,0,0,0,,,,2.2,False
North Central (MN) Rams,2025-12-06,North Central (MN) Rams,Jamisen Young,6,2,5,0,0,2,2,0,1,1,0,0,1,0,1,40.0,,100.0,15.4,False
North Central (MN) Rams,2025-12-06,North Central (MN) Rams,Jaquan Adams,6,2,5,1,3,1,1,2,6,0,0,0,3,5,8,40.0,33.3,100.0,18.8,False
North Central (MN) Rams,2025-12-06,North Central (MN) Rams,Jax Effertz,10,4,8,2,6,0,0,0,0,1,0,0,0,2,0,50.0,33.3,,22.3,False
North Central (MN) Rams,2025-12-06,North Central (MN) Rams,Jayden Livingston,4,1,5,1,5,1,3,0,0,1,0,0,2,3,0,20.0,20.0,33.3,16.8,False
North Central (MN) Rams,2025-12-06,North Central (MN) Rams,Josh Hoffman,3,1,2,1,2,0,0,1,2,0,0,0,0,2,3,50.0,50.0,,10.9,False
North Central (MN) Rams,2025-12-06,North Central (MN) Rams,Remy Wedgeworth-Brown,2,1,3,0,1,0,0,0,0,3,0,0,5,2,0,33.3,0.0,,22.3,False
North Central (MN) Rams,2025-12-06,UW-Stevens Point Pointers,Cal Krohn,14,6,8,0,0,2,5,0,4,6,0,1,1,1,4,75.0,,40.0,32.7,True
North Central (MN) Rams,2025-12-06,UW-Stevens Point Pointers,Carter Combs,1,0,6,0,5,1,2,0,6,3,2,0,3,4,6,0.0,0.0,50.0,28.4,True
North Central (MN) Rams,2025-12-06,UW-Stevens Point Pointers,Drew Daoust,6,2,5,1,4,1,2,2,1,1,0,1,0,0,3,40.0,25.0,50.0,9.6,False
North Central (MN) Rams,2025-12-06,UW-Stevens Point Pointers,Grant Manz,2,1,1,0,0,0,0,1,3,0,0,0,0,3,4,100.0,,,7.0,False
North Central (MN) Rams,2025-12-06,UW-Stevens Point Pointers,Isaiah Moore,7,3,5,1,3,0,0,1,3,1,2,0,1,5,4,60.0,33.3,,16.9,False
North Central (MN) Rams,2025-12-06,UW-Stevens Point Pointers,Josiah Butler,24,7,11,2,5,8,10,1,2,0,1,0,3,3,3,63.6,40.0,80.0,34.0,True
North Central (MN) Rams,2025-12-06,UW-Stevens Point Pointers,Logan Baumgartner,2,1,3,0,2,0,0,1,2,0,0,0,3,0,3,33.3,0.0,,8.4,True
North Central (MN) Rams,2025-12-06,UW-Stevens Point Pointers,Max Raimer,8,2,3,0,1,4,8,1,3,0,0,0,0,0,4,66.7,0.0,50.0,23.6,False
North Central (MN) Rams,2025-12-06,UW-Stevens Point Pointers,Seth Miron,14,6,16,0,4,2,2,8,2,5,3,0,0,2,10,37.5,0.0,100.0,37.3,True
North Central (MN) Rams,2025-12-06,UW-Stevens Point Pointers,Tyler Orr,0,0,0,0,0,0,0,0,0,0,0,0,0,0,0,,,,0.5,False
North Park Vikings,2025-11-29,North Park Vikings,Dylan Fuzak,0,0,0,0,0,0,0,0,0,0,0,0,0,2,0,,,,3.3,False
North Park Vikings,2025-11-29,North Park Vikings,Harrison Long,0,0,1,0,1,0,0,0,0,0,0,0,0,0,0,0.0,0.0,,3.4,False
North Park Vikings,2025-11-29,North Park Vikings,Jalen Houston,15,4,11,3,7,4,4,0,3,6,0,0,0,5,3,36.4,42.9,100.0,35.1,False
North Park Vikings,2025-11-29,North Park Vikings,"Jerome Smith, Jr.",0,0,4,0,4,0,0,0,1,1,0,0,0,1,1,0.0,0.0,,,False
North Park Vikings,2025-11-29,North Park Vikings,Julian Campbell,15,4,7,0,2,7,8,1,0,0,0,1,1,4,1,57.1,0.0,87.5,23.6,False
North Park Vikings,2025-11-29,North Park Vikings,Kolden Vanlandingham,39,14,23,5,10,6,10,0,3,10,2,0,5,3,3,60.9,50.0,60.0,52.4,False
North Park Vikings,2025-11-29,North Park Vikings,Lazario Cornish,13,5,6,1,2,2,3,3,2,0,2,0,3,4,5,83.3,50.0,66.7,37.4,False
North Park Vikings,2025-11-29,North Park Vikings,Marquis Vance,6,2,3,2,2,0,0,0,1,0,0,0,0,2,1,66.7,100.0,,16.1,False
North Park Vikings,2025-11-29,North Park Vikings,Mike Vuckovic,8,3,3,2,2,0,0,2,5,6,1,0,4,5,7,100.0,100.0,,38.4,False
North Park Vikings,2025-11-29,North Park Vikings,William Bates,19,7,13,2,6,3,3,1,1,1,2,0,2,3,2,53.8,33.3,100.0,47.1,False
North Park Vikings,2025-11-29,UW-Stevens Point Pointers,Cal Krohn,25,8,12,0,0,9,14,1,4,2,0,0,1,4,5,66.7,,64.3,47.1,True
North Park Vikings,2025-11-29,UW-Stevens Point Pointers,Carter Combs,6,2,3,0,0,2,2,2,4,7,2,0,4,3,6,66.7,,100.0,50.6,True
North Park Vikings,2025-11-29,UW-Stevens Point Pointers,Drew Daoust,0,0,1,0,1,0,0,0,0,0,0,0,0,0,0,0.0,0.0,,2.2,False
North Park Vikings,2025-11-29,UW-Stevens Point Pointers,Dylan Taylor,0,0,0,0,0,0,0,0,0,0,0,0,0,0,0,,,,0.6,False
North Park Vikings,2025-11-29,UW-Stevens Point Pointers,Grant Manz,4,2,2,0,0,0,0,1,1,2,0,0,1,0,2,100.0,,,7.3,False
North Park Vikings,2025-11-29,UW-Stevens Point Pointers,James Jacobs,0,0,1,0,1,0,0,0,3,1,0,0,1,1,3,0.0,0.0,,6.6,False
North Park Vikings,2025-11-29,UW-Stevens Point Pointers,Josiah Butler,24,9,19,1,7,5,6,0,2,0,0,0,4,3,2,47.4,14.3,83.3,51.9,True
North Park Vikings,2025-11-29,UW-Stevens Point Pointers,Logan Baumgartner,21,7,16,3,9,4,4,4,4,1,3,1,2,5,8,43.8,33.3,100.0,39.9,True
North Park Vikings,2025-11-29,UW-Stevens Point Pointers,Max Raimer,0,0,0,0,0,0,0,0,0,0,0,0,0,2,0,,,,8.5,False
North Park Vikings,2025-11-29,UW-Stevens Point Pointers,Seth Miron,34,10,16,1,6,13,19,4,3,5,1,0,2,1,7,62.5,16.7,68.4,44.2,True
North Park Vikings,2025-11-29,UW-Stevens Point Pointers,Shane Tarjan,0,0,0,0,0,0,0,0,3,0,0,0,0,0,3,,,,7.5,False
Northern Michigan Wildcats EXH,2025-11-01,Northern Michigan Wildcats EXH,Aidan Bellisle,10,4,7,1,2,1,2,1,2,2,1,0,2,3,3,57.1,50.0,50.0,20.3,False
Northern Michigan Wildcats EXH,2025-11-01,Northern Michigan Wildcats EXH,Bennett Basich,9,2,2,1,1,4,4,0,0,4,1,0,0,1,0,100.0,100.0,100.0,9.1,False
Northern Michigan Wildcats EXH,2025-11-01,Northern Michigan Wildcats EXH,Brooks Hinson,9,2,5,1,2,4,5,0,3,2,1,0,2,1,3,40.0,50.0,80.0,27.6,False
Northern Michigan Wildcats EXH,2025-11-01,Northern Michigan Wildcats EXH,Cal Klesmit,8,3,3,1,1,1,2,2,1,2,0,0,1,4,3,100.0,100.0,50.0,9.1,False
Northern Michigan Wildcats EXH,2025-11-01,Northern Michigan Wildcats EXH,Cody Schmitz,2,0,1,0,0,2,2,0,1,2,0,0,1,0,1,0.0,,100.0,7.6,False
Northern Michigan Wildcats EXH,2025-11-01,Northern Michigan Wildcats EXH,Dylan Kuehl,5,2,4,0,2,1,2,0,0,0,0,0,1,0,0,50.0,0.0,50.0,9.1,False
Northern Michigan Wildcats EXH,2025-11-01,Northern Michigan Wildcats EXH,Isaiah Allen,10,4,8,2,4,0,0,1,1,1,0,0,0,2,2,50.0,50.0,,22.9,False
Northern Michigan Wildcats EXH,2025-11-01,Northern Michigan Wildcats EXH,Jonny Ingalls,0,0,0,0,0,0,0,0,0,1,0,0,0,0,0,,,,3.8,False
Northern Michigan Wildcats EXH,2025-11-01,Northern Michigan Wildcats EXH,Keller Hanson,6,2,4,2,4,0,0,0,1,0,0,0,2,1,1,50.0,50.0,,10.8,False
Northern Michigan Wildcats EXH,2025-11-01,Northern Michigan Wildcats EXH,Nathan Fife,0,0,2,0,2,0,1,0,1,1,0,0,0,1,1,0.0,0.0,0.0,15.1,False
Northern Michigan Wildcats EXH,2025-11-01,Northern Michigan Wildcats EXH,Pryce Gregoire,4,1,1,0,0,2,2,0,0,0,0,0,0,0,0,100.0,,100.0,1.4,False
Northern Michigan Wildcats EXH,2025-11-01,Northern Michigan Wildcats EXH,Ross Robertson,10,3,3,0,0,4,6,0,2,1,1,0,1,4,2,100.0,,66.7,19.9,False
Northern Michigan Wildcats EXH,2025-11-01,Northern Michigan Wildcats EXH,Sam Privet,6,3,3,0,0,0,0,0,1,0,1,1,0,2,1,100.0,,,16.0,False
Northern Michigan Wildcats EXH,2025-11-01,Northern Michigan Wildcats EXH,Trevor Polite,5,1,3,0,1,3,3,0,2,4,0,0,2,6,2,33.3,0.0,100.0,25.0,False
Northern Michigan Wildcats EXH,2025-11-01,UW-Stevens Point Pointers,Austin Schaumburg,0,0,3,0,1,0,0,1,0,0,0,0,0,3,1,0.0,0.0,,3.0,False
Northern Michigan Wildcats EXH,2025-11-01,UW-Stevens Point Pointers,Cal Krohn,10,3,5,0,0,4,4,0,2,0,0,0,1,1,2,60.0,,100.0,20.6,True
Northern Michigan Wildcats EXH,2025-11-01,UW-Stevens Point Pointers,Carter Combs,6,2,2,2,2,0,0,0,4,1,1,0,3,2,4,100.0,100.0,,21.1,True
Northern Michigan Wildcats EXH,2025-11-01,UW-Stevens Point Pointers,Drew Daoust,6,2,4,1,2,1,2,0,2,0,0,0,1,2,2,50.0,50.0,50.0,13.3,False
Northern Michigan Wildcats EXH,2025-11-01,UW-Stevens Point Pointers,Grant Manz,5,1,2,0,0,3,8,1,0,1,1,0,2,6,1,50.0,,37.5,19.2,False
Northern Michigan Wildcats EXH,2025-11-01,UW-Stevens Point Pointers,Isaiah Moore,11,4,7,1,4,2,3,2,3,1,1,0,1,1,5,57.1,25.0,66.7,16.1,False
Northern Michigan Wildcats EXH,2025-11-01,UW-Stevens Point Pointers,James Jacobs,0,0,1,0,0,0,0,0,0,2,1,0,0,1,0,0.0,,,5.3,False
Northern Michigan Wildcats EXH,2025-11-01,UW-Stevens Point Pointers,Josiah Butler,9,3,5,0,2,3,4,0,1,2,0,0,1,1,1,60.0,0.0,75.0,18.8,True
Northern Michigan Wildcats EXH,2025-11-01,UW-Stevens Point Pointers,Logan Baumgartner,9,3,6,0,3,3,3,0,1,2,1,0,2,3,1,50.0,0.0,100.0,18.5,True
Northern Michigan Wildcats EXH,2025-11-01,UW-Stevens Point Pointers,Max Raimer,4,1,3,0,1,2,3,0,0,0,0,0,1,4,0,33.3,0.0,66.7,18.1,False
Northern Michigan Wildcats EXH,2025-11-01,UW-Stevens Point Pointers,Seth Miron,15,6,7,1,2,2,2,0,1,1,0,0,2,3,1,85.7,50.0,100.0,23.2,True
Northern Michigan Wildcats EXH,2025-11-01,UW-Stevens Point Pointers,Shane Tarjan,2,1,1,0,0,0,0,0,0,2,0,0,0,0,0,100.0,,,6.1,False
Northern Michigan Wildcats EXH,2025-11-01,UW-Stevens Point Pointers,Tyler Orr,3,1,4,1,3,0,0,2,1,1,0,0,0,0,3,25.0,33.3,,9.4,False
Northern Michigan Wildcats EXH,2025-11-01,UW-Stevens Point Pointers,Zach Orr,0,0,1,0,0,0,0,1,0,0,0,0,1,0,1,0.0,,,5.2,False
Olivet Comets,2025-12-13,Olivet Comets,Alex Genuise,0,0,1,0,1,0,0,0,0,0,0,0,0,1,0,0.0,0.0,,2.1,False
Olivet Comets,2025-12-13,Olivet Comets,Conner Schipper,10,5,10,0,1,0,0,0,4,3,1,3,2,1,4,50.0,0.0,,30.7,False
Olivet Comets,2025-12-13,Olivet Comets,Evan Honnen,5,2,4,1,3,0,0,0,1,0,0,0,0,1,1,50.0,33.3,,18.7,False
Olivet Comets,2025-12-13,Olivet Comets,Lee Hardy,4,2,4,0,0,0,0,0,3,0,2,1,1,4,3,50.0,,,20.1,False
Olivet Comets,2025-12-13,Olivet Comets,Mike Okello,5,2,3,1,1,0,0,1,3,1,1,0,2,4,4,66.7,100.0,,18.7,False
Olivet Comets,2025-12-13,Olivet Comets,Nathan Richardson,15,7,12,1,2,0,0,0,0,3,2,0,4,0,0,58.3,50.0,,37.2,False
Olivet Comets,2025-12-13,Olivet Comets,Porter Kretschman,11,5,8,1,3,0,0,1,5,1,2,0,3,4,6,62.5,33.3,,31.5,False
Olivet Comets,2025-12-13,Olivet Comets,Sam Howard,0,0,0,0,0,0,0,0,0,0,0,0,0,1,0,,,,1.9,False
Olivet Comets,2025-12-13,Olivet Comets,Sean Shenker,6,3,10,0,5,0,0,0,1,2,2,0,3,1,1,30.0,0.0,,36.3,False
Olivet Comets,2025-12-13,UW-Stevens Point Pointers,Cal Krohn,12,6,12,0,0,0,0,1,4,1,1,0,3,1,5,50.0,,,31.2,True
Olivet Comets,2025-12-13,UW-Stevens Point Pointers,Carter Combs,5,2,2,1,1,0,0,0,4,3,1,0,2,2,4,100.0,100.0,,35.1,True
Olivet Comets,2025-12-13,UW-Stevens Point Pointers,Drew Daoust,0,0,0,0,0,0,0,0,0,0,1,0,0,0,0,,,,2.4,False
Olivet Comets,2025-12-13,UW-Stevens Point Pointers,Grant Manz,2,1,2,0,0,0,0,0,0,0,0,0,0,1,0,50.0,,,3.2,False
Olivet Comets,2025-12-13,UW-Stevens Point Pointers,Isaiah Moore,2,1,3,0,0,0,0,1,1,2,1,0,0,1,2,33.3,,,14.2,False
Olivet Comets,2025-12-13,UW-Stevens Point Pointers,Josh Bocher,10,5,11,0,0,0,0,4,4,0,3,1,2,1,8,45.5,,,24.6,False
Olivet Comets,2025-12-13,UW-Stevens Point Pointers,Josiah Butler,13,5,10,3,7,0,0,0,7,1,0,0,3,4,7,50.0,42.9,,33.3,True
Olivet Comets,2025-12-13,UW-Stevens Point Pointers,Logan Baumgartner,0,0,2,0,1,0,0,0,0,0,2,0,2,2,0,0.0,0.0,,7.5,True
Olivet Comets,2025-12-13,UW-Stevens Point Pointers,Max Raimer,0,0,1,0,1,0,0,0,0,0,0,0,1,1,0,0.0,0.0,,4.4,False
Olivet Comets,2025-12-13,UW-Stevens Point Pointers,Seth Miron,16,7,11,2,3,0,0,2,4,3,1,0,2,3,6,63.6,66.7,,38.7,True
Olivet Comets,2025-12-13,UW-Stevens Point Pointers,Tyler Orr,0,0,0,0,0,0,0,0,0,0,0,0,0,0,0,,,,3.0,False
St. Olaf Oles,2025-11-12,St. Olaf Oles,AJ Uhl,13,6,10,0,1,1,2,0,3,0,2,0,1,3,3,60.0,0.0,50.0,24.0,False
St. Olaf Oles,2025-11-12,St. Olaf Oles,Chris Willis,0,0,1,0,1,0,0,0,1,0,1,0,1,1,1,0.0,0.0,,13.4,False
St. Olaf Oles,2025-11-12,St. Olaf Oles,Cooper Carlson,2,1,2,0,0,0,0,0,0,0,1,0,0,0,0,50.0,,,5.6,False
St. Olaf Oles,2025-11-12,St. Olaf Oles,Jaxon Strinmoen,0,0,2,0,2,0,0,0,2,0,0,0,0,2,2,0.0,0.0,,16.0,False
St. Olaf Oles,2025-11-12,St. Olaf Oles,Kobe Kirk,26,10,16,1,2,5,6,1,3,1,1,1,0,1,4,62.5,50.0,83.3,32.3,False
St. Olaf Oles,2025-11-12,St. Olaf Oles,Liam Madigan,8,4,7,0,0,0,0,2,5,5,1,3,2,2,7,57.1,,,27.9,False
St. Olaf Oles,2025-11-12,St. Olaf Oles,Liam Roche,0,0,2,0,0,0,0,0,5,2,0,0,3,3,5,0.0,,,16.9,False
St. Olaf Oles,2025-11-12,St. Olaf Oles,Luther Tostrud,0,0,1,0,1,0,0,0,2,1,0,0,2,1,2,0.0,0.0,,19.0,False
St. Olaf Oles,2025-11-12,St. Olaf Oles,Max Kraay,0,0,1,0,1,0,0,0,0,0,0,0,0,2,0,0.0,0.0,,16.1,False
St. Olaf Oles,2025-11-12,St. Olaf Oles,Rex Lamb,14,5,12,3,7,1,3,1,1,0,0,0,2,2,2,41.7,42.9,33.3,26.1,False
St. Olaf Oles,2025-11-12,UW-Stevens Point Pointers,Cal Krohn,16,6,10,0,0,4,6,1,2,1,0,0,1,2,3,60.0,,66.7,33.9,True
St. Olaf Oles,2025-11-12,UW-Stevens Point Pointers,Carter Combs,7,3,6,1,1,0,0,3,4,0,0,0,2,3,7,50.0,100.0,,28.4,True
St. Olaf Oles,2025-11-12,UW-Stevens Point Pointers,Grant Manz,6,3,4,0,0,0,0,2,3,1,1,1,1,0,5,75.0,,,12.8,False
St. Olaf Oles,2025-11-12,UW-Stevens Point Pointers,Isaiah Moore,5,2,4,1,2,0,0,0,4,1,2,0,1,1,4,50.0,50.0,,27.8,False
St. Olaf Oles,2025-11-12,UW-Stevens Point Pointers,Josiah Butler,14,5,13,1,5,3,4,0,4,3,2,0,1,4,4,38.5,20.0,75.0,34.6,True
St. Olaf Oles,2025-11-12,UW-Stevens Point Pointers,Logan Baumgartner,15,4,8,2,5,5,5,1,1,2,0,0,1,2,2,50.0,40.0,100.0,16.6,True
St. Olaf Oles,2025-11-12,UW-Stevens Point Pointers,Max Raimer,5,1,3,1,2,2,2,1,0,2,0,1,0,1,1,33.3,50.0,100.0,6.8,False
St. Olaf Oles,2025-11-12,UW-Stevens Point Pointers,Seth Miron,6,2,9,1,5,1,2,2,3,2,1,0,1,1,5,22.2,20.0,50.0,28.6,True
St. Olaf Oles,2025-11-12,UW-Stevens Point Pointers,Shane Tarjan,0,0,0,0,0,0,0,0,0,0,1,0,1,0,0,,,,1.0,False
St. Olaf Oles,2025-11-12,UW-Stevens Point Pointers,Tyler Orr,0,0,2,0,1,0,0,0,2,0,0,0,0,1,2,0.0,0.0,,6.9,False
Trinity (TX) Tigers,2025-12-21,Trinity (TX) Tigers,Ben Estis,0,0,5,0,4,0,0,0,0,1,0,0,0,2,0,0.0,0.0,,17.3,False
Trinity (TX) Tigers,2025-12-21,Trinity (TX) Tigers,Benjamin Wagner,0,0,0,0,0,0,0,0,1,0,0,0,0,1,1,,,,4.0,False
Trinity (TX) Tigers,2025-12-21,Trinity (TX) Tigers,Carter Ruck,2,1,3,0,2,0,0,2,2,1,1,0,1,3,4,33.3,0.0,,15.7,False
Trinity (TX) Tigers,2025-12-21,Trinity (TX) Tigers,Dean Balo,16,5,12,1,6,5,5,3,1,1,0,0,4,0,4,41.7,16.7,100.0,33.9,False
Trinity (TX) Tigers,2025-12-21,Trinity (TX) Tigers,Elias DeMent,4,1,5,0,1,2,2,0,2,0,1,0,2,2,2,20.0,0.0,100.0,10.4,False
Trinity (TX) Tigers,2025-12-21,Trinity (TX) Tigers,Gabe Parr,4,2,3,0,0,0,0,1,1,0,0,1,2,1,2,66.7,,,10.4,False
Trinity (TX) Tigers,2025-12-21,Trinity (TX) Tigers,Jackson Lawson,12,2,9,2,8,6,7,0,5,2,0,0,1,1,5,22.2,25.0,85.7,27.0,False
Trinity (TX) Tigers,2025-12-21,Trinity (TX) Tigers,Jake Miller,0,0,0,0,0,0,0,0,0,0,0,0,0,0,0,,,,0.0,False
Trinity (TX) Tigers,2025-12-21,Trinity (TX) Tigers,Javon Toliver,0,0,0,0,0,0,0,0,1,0,0,0,0,0,1,,,,4.2,False
Trinity (TX) Tigers,2025-12-21,Trinity (TX) Tigers,Joshua Chesney,0,0,2,0,1,0,0,0,1,0,0,0,0,1,1,0.0,0.0,,11.2,False
Trinity (TX) Tigers,2025-12-21,Trinity (TX) Tigers,Luke Bledsoe,0,0,0,0,0,0,0,0,0,0,0,0,0,1,0,,,,1.0,False
Trinity (TX) Tigers,2025-12-21,Trinity (TX) Tigers,Max Sprott,0,0,0,0,0,0,0,0,0,0,0,0,0,0,0,,,,2.6,False
Trinity (TX) Tigers,2025-12-21,Trinity (TX) Tigers,Trent Medearis,14,5,7,1,2,3,5,1,5,1,0,0,1,1,6,71.4,50.0,60.0,15.2,False
Trinity (TX) Tigers,2025-12-21,Trinity (TX) Tigers,Will Bronson,8,3,4,0,0,2,4,3,4,1,1,3,2,3,7,75.0,,50.0,23.3,False
Trinity (TX) Tigers,2025-12-21,Trinity (TX) Tigers,Zach Fenn,6,1,2,1,1,3,4,1,4,1,1,0,2,5,5,50.0,100.0,75.0,23.0,False
Trinity (TX) Tigers,2025-12-21,UW-Stevens Point Pointers,Cal Krohn,22,10,14,0,1,2,5,2,3,2,1,1,0,3,5,71.4,0.0,40.0,22.5,True
Trinity (TX) Tigers,2025-12-21,UW-Stevens Point Pointers,Carter Combs,1,0,1,0,1,1,2,2,3,3,3,1,1,3,5,0.0,0.0,50.0,28.4,True
Trinity (TX) Tigers,2025-12-21,UW-Stevens Point Pointers,Grant Manz,2,1,4,0,0,0,0,0,3,0,0,0,1,2,3,25.0,,,10.6,False
Trinity (TX) Tigers,2025-12-21,UW-Stevens Point Pointers,Isaiah Moore,11,4,9,1,4,2,2,0,2,0,1,0,1,2,2,44.4,25.0,100.0,23.2,False
Trinity (TX) Tigers,2025-12-21,UW-Stevens Point Pointers,Josh Bocher,1,0,3,0,0,1,2,1,1,1,0,0,2,1,2,0.0,,50.0,8.8,False
Trinity (TX) Tigers,2025-12-21,UW-Stevens Point Pointers,Josiah Butler,5,1,7,1,5,2,2,1,4,0,2,0,0,4,5,14.3,20.0,100.0,38.4,True
Trinity (TX) Tigers,2025-12-21,UW-Stevens Point Pointers,Logan Baumgartner,17,4,13,4,13,5,6,2,2,2,3,0,0,4,4,30.8,30.8,83.3,25.2,True
Trinity (TX) Tigers,2025-12-21,UW-Stevens Point Pointers,Max Raimer,0,0,0,0,0,0,0,0,0,1,0,0,0,0,0,,,,2.3,False
Trinity (TX) Tigers,2025-12-21,UW-Stevens Point Pointers,Seth Miron,15,4,9,0,2,7,8,2,0,6,0,1,2,4,2,44.4,0.0,87.5,37.1,True
Trinity (TX) Tigers,2025-12-21,UW-Stevens Point Pointers,Tyler Orr,0,0,0,0,0,0,0,0,0,1,0,0,0,0,0,,,,2.6,False
UW-Eau Claire Blugolds,2026-01-03,UW-Eau Claire Blugolds,Andre Renta,17,4,9,2,4,7,8,0,3,7,0,0,1,2,3,44.4,50.0,87.5,30.9,False
UW-Eau Claire Blugolds,2026-01-03,UW-Eau Claire Blugolds,Carter Lichtsinn,18,6,11,1,5,5,9,2,11,0,0,0,2,4,13,54.5,20.0,55.6,39.2,False
UW-Eau Claire Blugolds,2026-01-03,UW-Eau Claire Blugolds,Joey Butz,0,0,0,0,0,0,0,0,0,0,0,0,0,0,0,,,,2.4,False
UW-Eau Claire Blugolds,2026-01-03,UW-Eau Claire Blugolds,Kenji Scales,16,5,12,3,7,3,3,1,0,0,0,0,4,2,1,41.7,42.9,100.0,37.4,False
UW-Eau Claire Blugolds,2026-01-03,UW-Eau Claire Blugolds,Luke Reder,6,3,5,0,1,0,1,1,1,1,0,0,0,1,2,60.0,0.0,0.0,6.6,False
UW-Eau Claire Blugolds,2026-01-03,UW-Eau Claire Blugolds,Roan Demovsky,2,0,1,0,0,2,2,0,0,2,0,1,2,0,0,0.0,,100.0,8.9,False
UW-Eau Claire Blugolds,2026-01-03,UW-Eau Claire Blugolds,Roman Richards,0,0,0,0,0,0,0,0,0,0,0,0,0,0,0,,,,1.6,False
UW-Eau Claire Blugolds,2026-01-03,UW-Eau Claire Blugolds,Tyler Haney,2,1,2,0,1,0,1,0,1,0,1,0,1,4,1,50.0,0.0,0.0,10.4,False
UW-Eau Claire Blugolds,2026-01-03,UW-Eau Claire Blugolds,Will Boser,7,2,4,1,3,2,2,2,1,2,0,0,0,1,3,50.0,33.3,100.0,28.3,False
UW-Eau Claire Blugolds,2026-01-03,UW-Eau Claire Blugolds,Xavier Lewis,7,2,4,0,0,3,6,2,9,1,1,0,2,3,11,50.0,,50.0,33.1,False
UW-Eau Claire Blugolds,2026-01-03,UW-Stevens Point Pointers,Cal Krohn,21,9,14,0,0,3,4,1,1,2,1,1,1,2,2,64.3,,75.0,32.9,True
UW-Eau Claire Blugolds,2026-01-03,UW-Stevens Point Pointers,Carter Combs,5,1,3,1,3,2,2,0,4,1,1,0,1,3,4,33.3,33.3,100.0,27.2,True
UW-Eau Claire Blugolds,2026-01-03,UW-Stevens Point Pointers,Grant Manz,0,0,0,0,0,0,0,0,0,0,0,0,0,0,0,,,,2.3,False
UW-Eau Claire Blugolds,2026-01-03,UW-Stevens Point Pointers,Isaiah Moore,2,1,1,0,0,0,0,0,0,0,0,1,1,1,0,100.0,,,4.2,False
UW-Eau Claire Blugolds,2026-01-03,UW-Stevens Point Pointers,James Jacobs,0,0,0,0,0,0,0,0,2,2,0,0,0,0,2,,,,4.0,False
UW-Eau Claire Blugolds,2026-01-03,UW-Stevens Point Pointers,Josh Bocher,17,8,11,0,1,1,1,3,5,1,1,3,0,4,8,72.7,0.0,100.0,30.8,False
UW-Eau Claire Blugolds,2026-01-03,UW-Stevens Point Pointers,Josiah Butler,6,3,9,0,3,0,0,0,1,1,0,0,1,5,1,33.3,0.0,,19.7,True
UW-Eau Claire Blugolds,2026-01-03,UW-Stevens Point Pointers,Logan Baumgartner,6,2,3,1,2,1,2,0,1,2,1,0,0,2,1,66.7,50.0,50.0,12.4,True
UW-Eau Claire Blugolds,2026-01-03,UW-Stevens Point Pointers,Max Raimer,6,2,5,1,3,1,2,0,1,0,2,0,0,0,1,40.0,33.3,50.0,18.3,False
UW-Eau Claire Blugolds,2026-01-03,UW-Stevens Point Pointers,Seth Miron,15,6,15,0,3,3,5,2,2,5,0,1,0,3,4,40.0,0.0,60.0,35.8,True
UW-Eau Claire Blugolds,2026-01-03,UW-Stevens Point Pointers,Tyler Orr,0,0,1,0,0,0,0,0,2,0,0,0,0,1,2,0.0,,,11.2,False
Bethany Lutheran Vikings,2025-11-21,UW-Stevens Point Pointers,TEAM,0,0,0,0,0,0,0,0,0,0,0,0,2,0,0,,,,,False
North Central (MN) Rams,2025-12-06,UW-Stevens Point Pointers,TEAM,0,0,0,0,0,0,0,0,0,0,0,0,1,0,0,,,,,False
North Park Vikings,2025-11-29,North Park Vikings,TEAM,0,0,0,0,0,0,0,0,0,0,0,0,1,0,0,,,,,False
Northern Michigan Wildcats EXH,2025-11-01,Northern Michigan Wildcats EXH,TEAM,0,0,0,0,0,0,0,0,0,0,0,0,2,0,0,,,,,False
Trinity (TX) Tigers,2025-12-21,Trinity (TX) Tigers,TEAM,0,0,0,0,0,0,0,0,0,0,0,0,1,0,0,,,,,False
Trinity (TX) Tigers,2025-12-21,UW-Stevens Point Pointers,TEAM,0,0,0,0,0,0,0,0,0,0,0,0,1,0,0,,,,,False
UW-Eau Claire Blugolds,2026-01-03,UW-Eau Claire Blugolds,TEAM,0,0,0,0,0,0,0,0,0,0,0,0,1,0,0,,,,,False
