opponent,subject_type,name,source,notes,keys_to_defending,strengths,weaknesses
Aurora Spartans,player,Bryden Gryzmala,Data-Driven,Efficient: 62.4% true shooting on 15 attempts.,,,
Aurora Spartans,player,Cullen Rauls,Data-Driven,Fouls: 3.5 a game.,Attack him early — two quick ones changes how he guards.,,Foul-prone (3.5 pf/gm)
Aurora Spartans,player,Devon Richardson,Data-Driven,"Primary option: 13.5 ppg, 18% of their scoring on 13% of their shots. Interior player: only 0% of his attempts come from three. Efficient: 64.3% true shooting on 31 attempts. Gets to the line: 6.2 attempts a game (0.81 per field-goal attempt). 56% from the line on 25 attempts. Their offensive glass: 3.0 offensive rebounds a game, most on the team.","Top priority — no easy catches, and make a second option beat you. | Nothing easy at the rim — wall up early rather than reaching, and make him finish over a body. | Guard him without fouling — hands up, no bail-outs. | If he has to be fouled late, he is the one to foul. | Put a body on him every shot — he is where their second chances come from.",Leading scorer (13.5 ppg) | Offensive glass (3.0 orpg) | Leads them on the glass (6.2 rpg) | Rim protection (1.5 bpg) | Efficient — 65% from the field | Gets to the line (6.2 FTA/gm),Poor at the line — 56%
Aurora Spartans,player,Gevon Grant,Data-Driven,"Gets to the line: 7.0 attempts a game (0.90 per field-goal attempt). 57% from the line on 28 attempts. Initiates for them: 2.0 assists a game, 0.9 per turnover.","Guard him without fouling — hands up, no bail-outs. | If he has to be fouled late, he is the one to foul. | Get it out of his hands — deny the first pass and make someone else start the offense.",Primary creator (2.0 apg) | Active hands (1.5 spg) | Gets to the line (7.0 FTA/gm),Cold from three — 23% on 13 | Poor at the line — 57%
Aurora Spartans,player,Juan Madrigal,Data-Driven,Efficient: 59.3% true shooting on 39 attempts.,,Shooter — 40% on 15 threes,
Aurora Spartans,player,Larry Carthan,Data-Driven,Gets to the line: 3.0 attempts a game (1.09 per field-goal attempt).,"Guard him without fouling — hands up, no bail-outs.",,
Aurora Spartans,player,Mekhi Doby,Data-Driven,Inefficient: 40.1% true shooting on 13 attempts. Gets to the line: 13.0 attempts a game (1.00 per field-goal attempt). 54% from the line on 13 attempts.,"Let him be the one who shoots it — volume without efficiency is a result we will take. | Guard him without fouling — hands up, no bail-outs. | If he has to be fouled late, he is the one to foul.",Gets to the line (13.0 FTA/gm),Inefficient — 31% on 13 shots | Poor at the line — 54%
Aurora Spartans,player,Robert Hutson,Data-Driven,Inefficient: 33.7% true shooting on 22 attempts.,Let him be the one who shoots it — volume without efficiency is a result we will take.,,Cold from three — 11% on 9 | Inefficient — 27% on 22 shots
Aurora Spartans,player,Zerrick Johnson,Data-Driven,Efficient: 64.0% true shooting on 28 attempts. Gets to the line: 4.5 attempts a game (0.64 per field-goal attempt).,"Guard him without fouling — hands up, no bail-outs.",Efficient — 50% from the field | Gets to the line (4.5 FTA/gm),
Aurora Spartans,lineup,"Devon Richardson, Gevon Grant, Jeffery Hillmer, Juan Madrigal, Zerrick Johnson",Data-Driven,21.4 minutes together over 4 game(s) — their most-used unit.,Crash the offensive glass while this unit is in.,Shoots it better than their norm (56.7% vs 43.1%) | Moves the ball (13.1 vs 9.4 per 40) | Takes care of it (7.5 vs 13.2 per 40),Gets beaten on the glass (35.5 vs 41.8 per 40)
Aurora Spartans,lineup,"Bryden Gryzmala, Devon Richardson, Jeffery Hillmer, Juan Madrigal, Zerrick Johnson",Data-Driven,16.5 minutes together over 3 game(s). Net +7 per 40 minutes on the floor (+3 in 16.5).,Their best group — make sure our own best five is out there with them. | Pack the paint against this group and live with the three.,+7 per 40 on the floor | Moves the ball (12.1 vs 9.4 per 40) | Takes care of it (4.8 vs 13.2 per 40),Cold unit (29.2% vs 43.1%) | Won't make threes (20.0% on 10)
Aurora Spartans,lineup,"Cullen Rauls, Gevon Grant, Larry Carthan, Mekhi Doby, Robert Hutson",Data-Driven,5.7 minutes together over 1 game(s).,,Rebounds well (77.2 vs 41.8 per 40) | Moves the ball (14.0 vs 9.4 per 40) | Takes care of it (0.0 vs 13.2 per 40),Cold unit (28.6% vs 43.1%)
Aurora Spartans,lineup,"Bryden Gryzmala, Devon Richardson, Jeffery Hillmer, Robert Hutson, Zerrick Johnson",Data-Driven,5.3 minutes together over 2 game(s). Net -15 per 40 minutes on the floor (-2 in 5.3).,Their weakest group — push tempo and hunt shots while it is on the floor.,Moves the ball (22.6 vs 9.4 per 40) | Takes care of it (0.0 vs 13.2 per 40),-15 per 40 on the floor
Aurora Spartans,lineup,"Bryden Gryzmala, Jeffery Hillmer, Juan Madrigal, Larry Carthan, Zerrick Johnson",Data-Driven,5.0 minutes together over 2 game(s). Net -32 per 40 minutes on the floor (-4 in 5.0).,Their weakest group — push tempo and hunt shots while it is on the floor. | Switch and make this group create off the dribble. | Pressure this unit — they give it away.,,-32 per 40 on the floor | Stagnant — few assists (0.0 vs 9.4 per 40) | Turnover-prone (32.0 vs 13.2 per 40)
Aurora Spartans,lineup,"Devon Richardson, Gevon Grant, Isaiah Thompson, Jeffery Hillmer, Juan Madrigal",Data-Driven,4.8 minutes together over 2 game(s). Net +17 per 40 minutes on the floor (+2 in 4.8).,Their best group — make sure our own best five is out there with them. | Crash the offensive glass while this unit is in. | Pressure this unit — they give it away.,+17 per 40 on the floor | Moves the ball (16.7 vs 9.4 per 40),Gets beaten on the glass (16.7 vs 41.8 per 40) | Turnover-prone (25.0 vs 13.2 per 40)
Aurora Spartans,lineup,"Gevon Grant, Jeffery Hillmer, Juan Madrigal, Larry Carthan, Zerrick Johnson",Data-Driven,4.1 minutes together over 3 game(s). Net +20 per 40 minutes on the floor (+2 in 4.1).,Their best group — make sure our own best five is out there with them.,+20 per 40 on the floor | Takes care of it (0.0 vs 13.2 per 40),
Aurora Spartans,lineup,"Bryden Gryzmala, Devon Richardson, Isaiah Thompson, Jeffery Hillmer, Juan Madrigal",Data-Driven,3.9 minutes together over 2 game(s).,,Rebounds well (51.3 vs 41.8 per 40) | Moves the ball (20.5 vs 9.4 per 40) | Takes care of it (0.0 vs 13.2 per 40),
Aurora Spartans,lineup,"Bryden Gryzmala, Devon Richardson, Gevon Grant, Jeffery Hillmer, Juan Madrigal",Data-Driven,3.8 minutes together over 2 game(s). Net +32 per 40 minutes on the floor (+3 in 3.8).,Their best group — make sure our own best five is out there with them. | Crash the offensive glass while this unit is in.,+32 per 40 on the floor | Takes care of it (10.5 vs 13.2 per 40),Gets beaten on the glass (21.1 vs 41.8 per 40)
Aurora Spartans,lineup,"Devon Richardson, Gevon Grant, Jeffery Hillmer, Juan Madrigal, Robert Hutson",Data-Driven,3.6 minutes together over 2 game(s). Net +56 per 40 minutes on the floor (+5 in 3.6).,Their best group — make sure our own best five is out there with them. | Crash the offensive glass while this unit is in. | Switch and make this group create off the dribble. | Pressure this unit — they give it away.,+56 per 40 on the floor,Gets beaten on the glass (33.3 vs 41.8 per 40) | Stagnant — few assists (0.0 vs 9.4 per 40) | Turnover-prone (22.2 vs 13.2 per 40)
Aurora Spartans,lineup,"Alex Ross, Devon Richardson, Gevon Grant, Jeffery Hillmer, Zerrick Johnson",Data-Driven,3.6 minutes together over 2 game(s). Net -33 per 40 minutes on the floor (-3 in 3.6).,Their weakest group — push tempo and hunt shots while it is on the floor. | Switch and make this group create off the dribble.,Takes care of it (11.1 vs 13.2 per 40),-33 per 40 on the floor | Stagnant — few assists (0.0 vs 9.4 per 40)
Aurora Spartans,lineup,"Gevon Grant, Isaiah Thompson, Jeffery Hillmer, Juan Madrigal, Larry Carthan",Data-Driven,3.5 minutes together over 3 game(s). Net +69 per 40 minutes on the floor (+6 in 3.5).,Their best group — make sure our own best five is out there with them. | Switch and make this group create off the dribble.,+69 per 40 on the floor | Takes care of it (0.0 vs 13.2 per 40),Stagnant — few assists (0.0 vs 9.4 per 40)
Aurora Spartans,lineup,"Devon Richardson, Gevon Grant, Jeffery Hillmer, Juan Madrigal, Mekhi Doby",Data-Driven,3.4 minutes together over 1 game(s). Net -35 per 40 minutes on the floor (-3 in 3.4).,Their weakest group — push tempo and hunt shots while it is on the floor. | Switch and make this group create off the dribble. | Pressure this unit — they give it away.,,-35 per 40 on the floor | Stagnant — few assists (0.0 vs 9.4 per 40) | Turnover-prone (47.1 vs 13.2 per 40)
Aurora Spartans,lineup,"Bryden Gryzmala, Gevon Grant, Juan Madrigal, Larry Carthan, Robert Hutson",Data-Driven,3.2 minutes together over 2 game(s). Net +50 per 40 minutes on the floor (+4 in 3.2).,Their best group — make sure our own best five is out there with them. | Switch and make this group create off the dribble. | Pressure this unit — they give it away.,+50 per 40 on the floor | Rebounds well (50.0 vs 41.8 per 40),Stagnant — few assists (0.0 vs 9.4 per 40) | Turnover-prone (25.0 vs 13.2 per 40)
Aurora Spartans,lineup,"Cullen Rauls, Devon Richardson, Gevon Grant, Jeffery Hillmer, Larry Carthan",Data-Driven,3.0 minutes together over 1 game(s). Net -67 per 40 minutes on the floor (-5 in 3.0).,Their weakest group — push tempo and hunt shots while it is on the floor. | Crash the offensive glass while this unit is in. | Switch and make this group create off the dribble.,Takes care of it (0.0 vs 13.2 per 40),-67 per 40 on the floor | Gets beaten on the glass (26.7 vs 41.8 per 40) | Stagnant — few assists (0.0 vs 9.4 per 40)
Aurora Spartans,lineup,"Alex Ross, Bryden Gryzmala, Jeffery Hillmer, Juan Madrigal, Larry Carthan",Data-Driven,2.4 minutes together over 1 game(s). Net -50 per 40 minutes on the floor (-3 in 2.4).,Their weakest group — push tempo and hunt shots while it is on the floor. | Crash the offensive glass while this unit is in. | Pressure this unit — they give it away.,Moves the ball (16.7 vs 9.4 per 40),-50 per 40 on the floor | Gets beaten on the glass (33.3 vs 41.8 per 40) | Turnover-prone (16.7 vs 13.2 per 40)
Aurora Spartans,lineup,"Bryden Gryzmala, Devon Richardson, Isaiah Thompson, Jeffery Hillmer, Zerrick Johnson",Data-Driven,2.4 minutes together over 2 game(s). Net +33 per 40 minutes on the floor (+2 in 2.4).,Their best group — make sure our own best five is out there with them. | Crash the offensive glass while this unit is in. | Switch and make this group create off the dribble. | Pressure this unit — they give it away.,+33 per 40 on the floor,Gets beaten on the glass (16.7 vs 41.8 per 40) | Stagnant — few assists (0.0 vs 9.4 per 40) | Turnover-prone (50.0 vs 13.2 per 40)
Aurora Spartans,lineup,"Bryden Gryzmala, Isaiah Thompson, Jeffery Hillmer, Mekhi Doby, Zerrick Johnson",Data-Driven,2.3 minutes together over 1 game(s).,Crash the offensive glass while this unit is in. | Switch and make this group create off the dribble. | Pressure this unit — they give it away.,,Gets beaten on the glass (34.8 vs 41.8 per 40) | Stagnant — few assists (0.0 vs 9.4 per 40) | Turnover-prone (17.4 vs 13.2 per 40)
Aurora Spartans,lineup,"Devon Richardson, Gevon Grant, Isaiah Thompson, Juan Madrigal, Zerrick Johnson",Data-Driven,2.3 minutes together over 1 game(s). Net +122 per 40 minutes on the floor (+7 in 2.3).,Their best group — make sure our own best five is out there with them. | Crash the offensive glass while this unit is in. | Switch and make this group create off the dribble. | Pressure this unit — they give it away.,+122 per 40 on the floor,Gets beaten on the glass (0.0 vs 41.8 per 40) | Stagnant — few assists (0.0 vs 9.4 per 40) | Turnover-prone (17.4 vs 13.2 per 40)
Aurora Spartans,lineup,"Bryden Gryzmala, Devon Richardson, Isaiah Thompson, Juan Madrigal, Zerrick Johnson",Data-Driven,2.1 minutes together over 1 game(s). Net -19 per 40 minutes on the floor (-1 in 2.1).,Their weakest group — push tempo and hunt shots while it is on the floor. | Switch and make this group create off the dribble.,Rebounds well (57.1 vs 41.8 per 40) | Takes care of it (0.0 vs 13.2 per 40),-19 per 40 on the floor | Stagnant — few assists (0.0 vs 9.4 per 40)
Aurora Spartans,lineup,"Gevon Grant, Jeffery Hillmer, Juan Madrigal, Mekhi Doby, Zerrick Johnson",Data-Driven,2.1 minutes together over 1 game(s). Net +38 per 40 minutes on the floor (+2 in 2.1).,Their best group — make sure our own best five is out there with them.,+38 per 40 on the floor | Rebounds well (57.1 vs 41.8 per 40) | Moves the ball (19.0 vs 9.4 per 40) | Takes care of it (0.0 vs 13.2 per 40),
Aurora Spartans,lineup,"Bryden Gryzmala, Juan Madrigal, Larry Carthan, Mekhi Doby, Robert Hutson",Data-Driven,2.0 minutes together over 1 game(s). Net +20 per 40 minutes on the floor (+1 in 2.0).,Their best group — make sure our own best five is out there with them. | Crash the offensive glass while this unit is in. | Switch and make this group create off the dribble.,+20 per 40 on the floor | Takes care of it (0.0 vs 13.2 per 40),Gets beaten on the glass (20.0 vs 41.8 per 40) | Stagnant — few assists (0.0 vs 9.4 per 40)
Aurora Spartans,lineup,"Bryden Gryzmala, Jeffery Hillmer, Juan Madrigal, Larry Carthan, Robert Hutson",Data-Driven,2.0 minutes together over 1 game(s). Net -60 per 40 minutes on the floor (-3 in 2.0).,Their weakest group — push tempo and hunt shots while it is on the floor. | Pressure this unit — they give it away.,Moves the ball (20.0 vs 9.4 per 40),-60 per 40 on the floor | Turnover-prone (20.0 vs 13.2 per 40)
Aurora Spartans,lineup,"Cullen Rauls, Devon Richardson, Gevon Grant, Jeffery Hillmer, Juan Madrigal",Data-Driven,1.9 minutes together over 1 game(s). Net -21 per 40 minutes on the floor (-1 in 1.9).,Their weakest group — push tempo and hunt shots while it is on the floor. | Crash the offensive glass while this unit is in.,Moves the ball (21.1 vs 9.4 per 40) | Takes care of it (0.0 vs 13.2 per 40),-21 per 40 on the floor | Gets beaten on the glass (21.1 vs 41.8 per 40)
Aurora Spartans,lineup,"Bryden Gryzmala, Devon Richardson, Gevon Grant, Robert Hutson, Zerrick Johnson",Data-Driven,1.9 minutes together over 1 game(s). Net -21 per 40 minutes on the floor (-1 in 1.9).,Their weakest group — push tempo and hunt shots while it is on the floor. | Switch and make this group create off the dribble. | Pressure this unit — they give it away.,Rebounds well (63.2 vs 41.8 per 40),-21 per 40 on the floor | Stagnant — few assists (0.0 vs 9.4 per 40) | Turnover-prone (42.1 vs 13.2 per 40)
Aurora Spartans,lineup,"Gevon Grant, Jeffery Hillmer, Juan Madrigal, Larry Carthan, Robert Hutson",Data-Driven,1.9 minutes together over 1 game(s). Net +21 per 40 minutes on the floor (+1 in 1.9).,Their best group — make sure our own best five is out there with them. | Crash the offensive glass while this unit is in. | Switch and make this group create off the dribble. | Pressure this unit — they give it away.,+21 per 40 on the floor,Gets beaten on the glass (0.0 vs 41.8 per 40) | Stagnant — few assists (0.0 vs 9.4 per 40) | Turnover-prone (21.1 vs 13.2 per 40)
Aurora Spartans,lineup,"Bryden Gryzmala, Devon Richardson, Gevon Grant, Juan Madrigal, Robert Hutson",Data-Driven,1.8 minutes together over 3 game(s). Net -44 per 40 minutes on the floor (-2 in 1.8).,Their weakest group — push tempo and hunt shots while it is on the floor. | Crash the offensive glass while this unit is in. | Switch and make this group create off the dribble. | Pressure this unit — they give it away.,,-44 per 40 on the floor | Gets beaten on the glass (22.2 vs 41.8 per 40) | Stagnant — few assists (0.0 vs 9.4 per 40) | Turnover-prone (44.4 vs 13.2 per 40)
Aurora Spartans,lineup,"Gevon Grant, Jeffery Hillmer, Larry Carthan, Robert Hutson, Zerrick Johnson",Data-Driven,1.8 minutes together over 1 game(s). Net -89 per 40 minutes on the floor (-4 in 1.8).,Their weakest group — push tempo and hunt shots while it is on the floor.,Moves the ball (22.2 vs 9.4 per 40) | Takes care of it (0.0 vs 13.2 per 40),-89 per 40 on the floor
Aurora Spartans,lineup,"Alex Ross, Gevon Grant, Jeffery Hillmer, Juan Madrigal, Larry Carthan",Data-Driven,1.6 minutes together over 1 game(s). Net -175 per 40 minutes on the floor (-7 in 1.6).,Their weakest group — push tempo and hunt shots while it is on the floor.,Rebounds well (75.0 vs 41.8 per 40) | Moves the ball (50.0 vs 9.4 per 40) | Takes care of it (0.0 vs 13.2 per 40),-175 per 40 on the floor
Aurora Spartans,lineup,"Cullen Rauls, Devon Richardson, Jeffery Hillmer, Mekhi Doby, Zerrick Johnson",Data-Driven,1.6 minutes together over 1 game(s). Net -100 per 40 minutes on the floor (-4 in 1.6).,Their weakest group — push tempo and hunt shots while it is on the floor. | Switch and make this group create off the dribble. | Pressure this unit — they give it away.,Rebounds well (75.0 vs 41.8 per 40),-100 per 40 on the floor | Stagnant — few assists (0.0 vs 9.4 per 40) | Turnover-prone (25.0 vs 13.2 per 40)
Aurora Spartans,lineup,"Bryden Gryzmala, Jeffery Hillmer, Larry Carthan, Robert Hutson, Zerrick Johnson",Data-Driven,1.6 minutes together over 1 game(s). Net +50 per 40 minutes on the floor (+2 in 1.6).,Their best group — make sure our own best five is out there with them. | Switch and make this group create off the dribble. | Pressure this unit — they give it away.,+50 per 40 on the floor | Rebounds well (75.0 vs 41.8 per 40),Stagnant — few assists (0.0 vs 9.4 per 40) | Turnover-prone (50.0 vs 13.2 per 40)
Aurora Spartans,lineup,"Alex Ross, Bryden Gryzmala, Devon Richardson, Juan Madrigal, Robert Hutson",Data-Driven,1.6 minutes together over 1 game(s).,Switch and make this group create off the dribble.,Rebounds well (75.0 vs 41.8 per 40) | Takes care of it (0.0 vs 13.2 per 40),Stagnant — few assists (0.0 vs 9.4 per 40)
Aurora Spartans,lineup,"Cullen Rauls, Jeffery Hillmer, Juan Madrigal, Larry Carthan, Mekhi Doby",Data-Driven,1.6 minutes together over 1 game(s).,,Rebounds well (50.0 vs 41.8 per 40) | Moves the ball (25.0 vs 9.4 per 40) | Takes care of it (0.0 vs 13.2 per 40),
Aurora Spartans,lineup,"Devon Richardson, Gevon Grant, Jeffery Hillmer, Mekhi Doby, Robert Hutson",Data-Driven,1.5 minutes together over 1 game(s). Net -107 per 40 minutes on the floor (-4 in 1.5).,Their weakest group — push tempo and hunt shots while it is on the floor. | Crash the offensive glass while this unit is in. | Switch and make this group create off the dribble. | Pressure this unit — they give it away.,,-107 per 40 on the floor | Gets beaten on the glass (0.0 vs 41.8 per 40) | Stagnant — few assists (0.0 vs 9.4 per 40) | Turnover-prone (26.7 vs 13.2 per 40)
Aurora Spartans,lineup,"Alex Ross, Devon Richardson, Gevon Grant, Robert Hutson, Zerrick Johnson",Data-Driven,1.5 minutes together over 1 game(s). Net +53 per 40 minutes on the floor (+2 in 1.5).,Their best group — make sure our own best five is out there with them. | Pressure this unit — they give it away.,+53 per 40 on the floor | Rebounds well (53.3 vs 41.8 per 40) | Moves the ball (26.7 vs 9.4 per 40),Turnover-prone (26.7 vs 13.2 per 40)
Aurora Spartans,lineup,"Bryden Gryzmala, Devon Richardson, Jeffery Hillmer, Juan Madrigal, Robert Hutson",Data-Driven,1.5 minutes together over 1 game(s). Net +27 per 40 minutes on the floor (+1 in 1.5).,Their best group — make sure our own best five is out there with them. | Switch and make this group create off the dribble.,+27 per 40 on the floor | Rebounds well (53.3 vs 41.8 per 40) | Takes care of it (0.0 vs 13.2 per 40),Stagnant — few assists (0.0 vs 9.4 per 40)
Aurora Spartans,lineup,"Cullen Rauls, Gevon Grant, Juan Madrigal, Larry Carthan, Robert Hutson",Data-Driven,1.4 minutes together over 1 game(s). Net -29 per 40 minutes on the floor (-1 in 1.4).,Their weakest group — push tempo and hunt shots while it is on the floor. | Crash the offensive glass while this unit is in. | Pressure this unit — they give it away.,Moves the ball (28.6 vs 9.4 per 40),-29 per 40 on the floor | Gets beaten on the glass (0.0 vs 41.8 per 40) | Turnover-prone (28.6 vs 13.2 per 40)
Aurora Spartans,lineup,"Cullen Rauls, Devon Richardson, Gevon Grant, Jeffery Hillmer, Robert Hutson",Data-Driven,1.4 minutes together over 1 game(s). Net +57 per 40 minutes on the floor (+2 in 1.4).,Their best group — make sure our own best five is out there with them. | Switch and make this group create off the dribble.,+57 per 40 on the floor | Rebounds well (114.3 vs 41.8 per 40) | Takes care of it (0.0 vs 13.2 per 40),Stagnant — few assists (0.0 vs 9.4 per 40)
Aurora Spartans,lineup,"Alex Ross, Juan Madrigal, Larry Carthan, Robert Hutson, Zerrick Johnson",Data-Driven,1.4 minutes together over 1 game(s). Net -114 per 40 minutes on the floor (-4 in 1.4).,Their weakest group — push tempo and hunt shots while it is on the floor. | Switch and make this group create off the dribble. | Pressure this unit — they give it away.,Rebounds well (85.7 vs 41.8 per 40),-114 per 40 on the floor | Stagnant — few assists (0.0 vs 9.4 per 40) | Turnover-prone (28.6 vs 13.2 per 40)
Aurora Spartans,lineup,"Alex Ross, Gevon Grant, Isaiah Thompson, Juan Madrigal, Larry Carthan",Data-Driven,1.4 minutes together over 1 game(s). Net +57 per 40 minutes on the floor (+2 in 1.4).,Their best group — make sure our own best five is out there with them. | Crash the offensive glass while this unit is in. | Pressure this unit — they give it away.,+57 per 40 on the floor | Moves the ball (28.6 vs 9.4 per 40),Gets beaten on the glass (0.0 vs 41.8 per 40) | Turnover-prone (28.6 vs 13.2 per 40)
Aurora Spartans,lineup,"Bryden Gryzmala, Devon Richardson, Juan Madrigal, Robert Hutson, Zerrick Johnson",Data-Driven,1.3 minutes together over 1 game(s).,Crash the offensive glass while this unit is in. | Switch and make this group create off the dribble.,Takes care of it (0.0 vs 13.2 per 40),Gets beaten on the glass (30.8 vs 41.8 per 40) | Stagnant — few assists (0.0 vs 9.4 per 40)
Aurora Spartans,lineup,"Cullen Rauls, Devon Richardson, Jeffery Hillmer, Juan Madrigal, Mekhi Doby",Data-Driven,1.3 minutes together over 1 game(s). Net -154 per 40 minutes on the floor (-5 in 1.3).,Their weakest group — push tempo and hunt shots while it is on the floor. | Switch and make this group create off the dribble. | Pressure this unit — they give it away.,Rebounds well (61.5 vs 41.8 per 40),-154 per 40 on the floor | Stagnant — few assists (0.0 vs 9.4 per 40) | Turnover-prone (30.8 vs 13.2 per 40)
Aurora Spartans,lineup,"Gevon Grant, Jeffery Hillmer, Juan Madrigal, Mekhi Doby, Robert Hutson",Data-Driven,1.2 minutes together over 1 game(s). Net -33 per 40 minutes on the floor (-1 in 1.2).,Their weakest group — push tempo and hunt shots while it is on the floor. | Crash the offensive glass while this unit is in. | Switch and make this group create off the dribble.,Takes care of it (0.0 vs 13.2 per 40),-33 per 40 on the floor | Gets beaten on the glass (33.3 vs 41.8 per 40) | Stagnant — few assists (0.0 vs 9.4 per 40)
Aurora Spartans,lineup,"Bryden Gryzmala, Gevon Grant, Larry Carthan, Mekhi Doby, Zerrick Johnson",Data-Driven,1.2 minutes together over 1 game(s). Net +67 per 40 minutes on the floor (+2 in 1.2).,Their best group — make sure our own best five is out there with them. | Crash the offensive glass while this unit is in. | Switch and make this group create off the dribble. | Pressure this unit — they give it away.,+67 per 40 on the floor,Gets beaten on the glass (33.3 vs 41.8 per 40) | Stagnant — few assists (0.0 vs 9.4 per 40) | Turnover-prone (33.3 vs 13.2 per 40)
Aurora Spartans,lineup,"Cullen Rauls, Devon Richardson, Gevon Grant, Jeffery Hillmer, Mekhi Doby",Data-Driven,1.2 minutes together over 1 game(s). Net +33 per 40 minutes on the floor (+1 in 1.2).,Their best group — make sure our own best five is out there with them. | Crash the offensive glass while this unit is in.,+33 per 40 on the floor | Moves the ball (33.3 vs 9.4 per 40) | Takes care of it (0.0 vs 13.2 per 40),Gets beaten on the glass (33.3 vs 41.8 per 40)
Aurora Spartans,lineup,"Bryden Gryzmala, Devon Richardson, Isaiah Thompson, Juan Madrigal, Robert Hutson",Data-Driven,1.1 minutes together over 1 game(s). Net -36 per 40 minutes on the floor (-1 in 1.1).,Their weakest group — push tempo and hunt shots while it is on the floor.,Moves the ball (36.4 vs 9.4 per 40) | Takes care of it (0.0 vs 13.2 per 40),-36 per 40 on the floor
Aurora Spartans,lineup,"Alex Ross, Gevon Grant, Larry Carthan, Robert Hutson, Zerrick Johnson",Data-Driven,1.1 minutes together over 1 game(s). Net +145 per 40 minutes on the floor (+4 in 1.1).,Their best group — make sure our own best five is out there with them. | Switch and make this group create off the dribble.,+145 per 40 on the floor | Rebounds well (109.1 vs 41.8 per 40) | Takes care of it (0.0 vs 13.2 per 40),Stagnant — few assists (0.0 vs 9.4 per 40)
Aurora Spartans,lineup,"Devon Richardson, Isaiah Thompson, Juan Madrigal, Robert Hutson, Zerrick Johnson",Data-Driven,1.0 minutes together over 1 game(s). Net -80 per 40 minutes on the floor (-2 in 1.0).,Their weakest group — push tempo and hunt shots while it is on the floor. | Switch and make this group create off the dribble.,Takes care of it (0.0 vs 13.2 per 40),-80 per 40 on the floor | Stagnant — few assists (0.0 vs 9.4 per 40)
Aurora Spartans,lineup,"Bryden Gryzmala, Devon Richardson, Gevon Grant, Jeffery Hillmer, Robert Hutson",Data-Driven,1.0 minutes together over 1 game(s). Net +80 per 40 minutes on the floor (+2 in 1.0).,Their best group — make sure our own best five is out there with them. | Crash the offensive glass while this unit is in. | Switch and make this group create off the dribble. | Pressure this unit — they give it away.,+80 per 40 on the floor,Gets beaten on the glass (0.0 vs 41.8 per 40) | Stagnant — few assists (0.0 vs 9.4 per 40) | Turnover-prone (40.0 vs 13.2 per 40)
Aurora Spartans,lineup,"Devon Richardson, Gevon Grant, Juan Madrigal, Mekhi Doby, Robert Hutson",Data-Driven,1.0 minutes together over 1 game(s). Net +80 per 40 minutes on the floor (+2 in 1.0).,Their best group — make sure our own best five is out there with them. | Switch and make this group create off the dribble. | Pressure this unit — they give it away.,+80 per 40 on the floor | Rebounds well (80.0 vs 41.8 per 40),Stagnant — few assists (0.0 vs 9.4 per 40) | Turnover-prone (40.0 vs 13.2 per 40)
Aurora Spartans,lineup,"Cullen Rauls, Isaiah Thompson, Jeffery Hillmer, Juan Madrigal, Larry Carthan",Data-Driven,1.0 minutes together over 1 game(s).,Crash the offensive glass while this unit is in. | Switch and make this group create off the dribble. | Pressure this unit — they give it away.,,Gets beaten on the glass (0.0 vs 41.8 per 40) | Stagnant — few assists (0.0 vs 9.4 per 40) | Turnover-prone (40.0 vs 13.2 per 40)
Aurora Spartans,lineup,"Gevon Grant, Juan Madrigal, Larry Carthan, Robert Hutson, Zerrick Johnson",Data-Driven,1.0 minutes together over 1 game(s).,Crash the offensive glass while this unit is in. | Switch and make this group create off the dribble. | Pressure this unit — they give it away.,,Gets beaten on the glass (0.0 vs 41.8 per 40) | Stagnant — few assists (0.0 vs 9.4 per 40) | Turnover-prone (40.0 vs 13.2 per 40)
Aurora Spartans,lineup,"Bryden Gryzmala, Gevon Grant, Jeffery Hillmer, Juan Madrigal, Larry Carthan",Data-Driven,0.9 minutes together over 1 game(s). Net +89 per 40 minutes on the floor (+2 in 0.9).,Their best group — make sure our own best five is out there with them. | Switch and make this group create off the dribble.,+89 per 40 on the floor | Takes care of it (0.0 vs 13.2 per 40),Stagnant — few assists (0.0 vs 9.4 per 40)
Aurora Spartans,lineup,"Bryden Gryzmala, Jeffery Hillmer, Juan Madrigal, Mekhi Doby, Robert Hutson",Data-Driven,0.8 minutes together over 1 game(s). Net +100 per 40 minutes on the floor (+2 in 0.8).,Their best group — make sure our own best five is out there with them. | Switch and make this group create off the dribble.,+100 per 40 on the floor | Rebounds well (150.0 vs 41.8 per 40) | Takes care of it (0.0 vs 13.2 per 40),Stagnant — few assists (0.0 vs 9.4 per 40)
Aurora Spartans,lineup,"Gevon Grant, Jeffery Hillmer, Juan Madrigal, Larry Carthan, Mekhi Doby",Data-Driven,0.8 minutes together over 1 game(s).,Switch and make this group create off the dribble.,Rebounds well (50.0 vs 41.8 per 40) | Takes care of it (0.0 vs 13.2 per 40),Stagnant — few assists (0.0 vs 9.4 per 40)
Aurora Spartans,lineup,"Bryden Gryzmala, Isaiah Thompson, Jeffery Hillmer, Juan Madrigal, Larry Carthan",Data-Driven,0.8 minutes together over 1 game(s). Net -250 per 40 minutes on the floor (-5 in 0.8).,Their weakest group — push tempo and hunt shots while it is on the floor. | Crash the offensive glass while this unit is in. | Switch and make this group create off the dribble.,Takes care of it (0.0 vs 13.2 per 40),-250 per 40 on the floor | Gets beaten on the glass (0.0 vs 41.8 per 40) | Stagnant — few assists (0.0 vs 9.4 per 40)
Aurora Spartans,lineup,"Cullen Rauls, Jeffery Hillmer, Larry Carthan, Mekhi Doby, Zerrick Johnson",Data-Driven,0.7 minutes together over 1 game(s).,Switch and make this group create off the dribble.,Rebounds well (57.1 vs 41.8 per 40) | Takes care of it (0.0 vs 13.2 per 40),Stagnant — few assists (0.0 vs 9.4 per 40)
Aurora Spartans,lineup,"Bryden Gryzmala, Devon Richardson, Gevon Grant, Isaiah Thompson, Juan Madrigal",Data-Driven,0.7 minutes together over 1 game(s). Net -114 per 40 minutes on the floor (-2 in 0.7).,Their weakest group — push tempo and hunt shots while it is on the floor.,Rebounds well (114.3 vs 41.8 per 40) | Moves the ball (57.1 vs 9.4 per 40) | Takes care of it (0.0 vs 13.2 per 40),-114 per 40 on the floor
Aurora Spartans,lineup,"Bryden Gryzmala, Gevon Grant, Isaiah Thompson, Juan Madrigal, Larry Carthan",Data-Driven,0.7 minutes together over 1 game(s).,Switch and make this group create off the dribble. | Pressure this unit — they give it away.,Rebounds well (57.1 vs 41.8 per 40),Stagnant — few assists (0.0 vs 9.4 per 40) | Turnover-prone (57.1 vs 13.2 per 40)
Aurora Spartans,lineup,"Alex Ross, Bryden Gryzmala, Gevon Grant, Juan Madrigal, Larry Carthan",Data-Driven,0.6 minutes together over 1 game(s).,Crash the offensive glass while this unit is in. | Switch and make this group create off the dribble.,Takes care of it (0.0 vs 13.2 per 40),Gets beaten on the glass (0.0 vs 41.8 per 40) | Stagnant — few assists (0.0 vs 9.4 per 40)
Aurora Spartans,lineup,"Adam Awender, Alex Ross, Bryden Gryzmala, Gevon Grant, Jeffery Hillmer",Data-Driven,0.5 minutes together over 1 game(s). Net +240 per 40 minutes on the floor (+3 in 0.5).,Their best group — make sure our own best five is out there with them. | Crash the offensive glass while this unit is in. | Switch and make this group create off the dribble. | Pressure this unit — they give it away.,+240 per 40 on the floor,Gets beaten on the glass (0.0 vs 41.8 per 40) | Stagnant — few assists (0.0 vs 9.4 per 40) | Turnover-prone (80.0 vs 13.2 per 40)
Aurora Spartans,lineup,"Alex Ross, Gevon Grant, Juan Madrigal, Larry Carthan, Robert Hutson",Data-Driven,0.4 minutes together over 1 game(s).,Crash the offensive glass while this unit is in. | Switch and make this group create off the dribble. | Pressure this unit — they give it away.,,Gets beaten on the glass (0.0 vs 41.8 per 40) | Stagnant — few assists (0.0 vs 9.4 per 40) | Turnover-prone (100.0 vs 13.2 per 40)
Aurora Spartans,lineup,"Cullen Rauls, Isaiah Thompson, Juan Madrigal, Larry Carthan, Zerrick Johnson",Data-Driven,0.3 minutes together over 1 game(s). Net +267 per 40 minutes on the floor (+2 in 0.3).,Their best group — make sure our own best five is out there with them. | Switch and make this group create off the dribble.,+267 per 40 on the floor | Rebounds well (266.7 vs 41.8 per 40) | Takes care of it (0.0 vs 13.2 per 40),Stagnant — few assists (0.0 vs 9.4 per 40)
Aurora Spartans,lineup,"Alex Ross, Devon Richardson, Juan Madrigal, Robert Hutson, Zerrick Johnson",Data-Driven,0.3 minutes together over 1 game(s).,Crash the offensive glass while this unit is in. | Switch and make this group create off the dribble.,Takes care of it (0.0 vs 13.2 per 40),Gets beaten on the glass (0.0 vs 41.8 per 40) | Stagnant — few assists (0.0 vs 9.4 per 40)
Aurora Spartans,lineup,"Alex Ross, Bryden Gryzmala, Devon Richardson, Jeffery Hillmer, Zerrick Johnson",Data-Driven,0.3 minutes together over 1 game(s).,Crash the offensive glass while this unit is in. | Switch and make this group create off the dribble.,Takes care of it (0.0 vs 13.2 per 40),Gets beaten on the glass (0.0 vs 41.8 per 40) | Stagnant — few assists (0.0 vs 9.4 per 40)
Aurora Spartans,lineup,"Bryden Gryzmala, Gevon Grant, Jeffery Hillmer, Juan Madrigal, Zerrick Johnson",Data-Driven,0.2 minutes together over 1 game(s).,Switch and make this group create off the dribble.,Rebounds well (200.0 vs 41.8 per 40) | Takes care of it (0.0 vs 13.2 per 40),Stagnant — few assists (0.0 vs 9.4 per 40)
Aurora Spartans,lineup,"Bryden Gryzmala, Devon Richardson, Jeffery Hillmer, Mekhi Doby, Robert Hutson",Data-Driven,0.2 minutes together over 1 game(s).,Switch and make this group create off the dribble.,Rebounds well (200.0 vs 41.8 per 40) | Takes care of it (0.0 vs 13.2 per 40),Stagnant — few assists (0.0 vs 9.4 per 40)
Aurora Spartans,lineup,"Alex Ross, Bryden Gryzmala, Gevon Grant, Isaiah Thompson, Larry Carthan",Data-Driven,0.2 minutes together over 1 game(s).,Crash the offensive glass while this unit is in. | Switch and make this group create off the dribble.,Takes care of it (0.0 vs 13.2 per 40),Gets beaten on the glass (0.0 vs 41.8 per 40) | Stagnant — few assists (0.0 vs 9.4 per 40)
Aurora Spartans,lineup,"Devon Richardson, Jeffery Hillmer, Juan Madrigal, Robert Hutson, Zerrick Johnson",Data-Driven,0.1 minutes together over 1 game(s).,Crash the offensive glass while this unit is in. | Switch and make this group create off the dribble.,Takes care of it (0.0 vs 13.2 per 40),Gets beaten on the glass (0.0 vs 41.8 per 40) | Stagnant — few assists (0.0 vs 9.4 per 40)
Aurora Spartans,lineup,"Jeffery Hillmer, Juan Madrigal, Larry Carthan, Mekhi Doby, Zerrick Johnson",Data-Driven,0.1 minutes together over 1 game(s).,Crash the offensive glass while this unit is in. | Switch and make this group create off the dribble.,Takes care of it (0.0 vs 13.2 per 40),Gets beaten on the glass (0.0 vs 41.8 per 40) | Stagnant — few assists (0.0 vs 9.4 per 40)
