opponent,name,source,player_notes,keys_to_defending
Aurora Spartans,Bryden Gryzmala,Data-Driven,Efficient: 62.4% true shooting on 15 attempts.,
Aurora Spartans,Cullen Rauls,Data-Driven,Fouls: 3.5 a game.,Attack him early — two quick ones changes how he guards.
Aurora Spartans,Devon Richardson,Data-Driven,"Primary option: 13.5 ppg, 18% of their scoring on 13% of their shots. Interior player: only 0% of his attempts come from three. Efficient: 64.3% true shooting on 31 attempts. Gets to the line: 6.2 attempts a game (0.81 per field-goal attempt). 56% from the line on 25 attempts. Their offensive glass: 3.0 offensive rebounds a game, most on the team.","Top priority — no easy catches, and make a second option beat you. | Nothing easy at the rim — wall up early rather than reaching, and make him finish over a body. | Guard him without fouling — hands up, no bail-outs. | If he has to be fouled late, he is the one to foul. | Put a body on him every shot — he is where their second chances come from."
Aurora Spartans,Gevon Grant,Data-Driven,"Gets to the line: 7.0 attempts a game (0.90 per field-goal attempt). 57% from the line on 28 attempts. Initiates for them: 2.0 assists a game, 0.9 per turnover.","Guard him without fouling — hands up, no bail-outs. | If he has to be fouled late, he is the one to foul. | Get it out of his hands — deny the first pass and make someone else start the offense."
Aurora Spartans,Juan Madrigal,Data-Driven,Efficient: 59.3% true shooting on 39 attempts.,
Aurora Spartans,Larry Carthan,Data-Driven,Gets to the line: 3.0 attempts a game (1.09 per field-goal attempt).,"Guard him without fouling — hands up, no bail-outs."
Aurora Spartans,Mekhi Doby,Data-Driven,Inefficient: 40.1% true shooting on 13 attempts. Gets to the line: 13.0 attempts a game (1.00 per field-goal attempt). 54% from the line on 13 attempts.,"Let him be the one who shoots it — volume without efficiency is a result we will take. | Guard him without fouling — hands up, no bail-outs. | If he has to be fouled late, he is the one to foul."
Aurora Spartans,Robert Hutson,Data-Driven,Inefficient: 33.7% true shooting on 22 attempts.,Let him be the one who shoots it — volume without efficiency is a result we will take.
Aurora Spartans,Zerrick Johnson,Data-Driven,Efficient: 64.0% true shooting on 28 attempts. Gets to the line: 4.5 attempts a game (0.64 per field-goal attempt).,"Guard him without fouling — hands up, no bail-outs."
