lineup,MIN,PTS,+/-,GP,side,scouted_opponent,gp_exact
"Agape Keyes Jr., Isaac Verges, Kelton McEwen",0.0,0.0,0.0,1.0,UWW,Aurora Spartans,True
"Agape Keyes Jr., Isaac Verges, Mauryon Turner",0.0,0.0,0.0,1.0,UWW,Aurora Spartans,True
"Agape Keyes Jr., Isaac Verges, Rashad Rogers",0.0,0.0,0.0,1.0,UWW,Aurora Spartans,True
"Agape Keyes Jr., Isaiah Robinson, Kelton McEwen",0.93,2.0,0.0,1.0,UWW,Aurora Spartans,True
"Agape Keyes Jr., Isaiah Robinson, Mauryon Turner",0.93,2.0,0.0,1.0,UWW,Aurora Spartans,True
"Agape Keyes Jr., Isaiah Robinson, Mikey Wildes",1.85,6.0,1.0,1.0,UWW,Aurora Spartans,True
"Agape Keyes Jr., Isaiah Robinson, Rashad Rogers",5.16,13.0,-1.0,2.0,UWW,Aurora Spartans,True
"Agape Keyes Jr., Isaiah Robinson, Trent Grunewald",4.23,11.0,-1.0,1.0,UWW,Aurora Spartans,True
"Agape Keyes Jr., Isaiah Robinson, Tristian Lynch",2.38,5.0,-2.0,1.0,UWW,Aurora Spartans,True
"Agape Keyes Jr., Kelton McEwen, Mauryon Turner",0.93,2.0,0.0,1.0,UWW,Aurora Spartans,True
"Agape Keyes Jr., Kelton McEwen, Rashad Rogers",0.93,2.0,0.0,1.0,UWW,Aurora Spartans,True
"Agape Keyes Jr., Mauryon Turner, Rashad Rogers",0.93,2.0,0.0,1.0,UWW,Aurora Spartans,True
"Agape Keyes Jr., Mikey Wildes, Rashad Rogers",3.73,14.0,4.0,1.0,UWW,Aurora Spartans,True
"Agape Keyes Jr., Mikey Wildes, Trent Grunewald",3.73,14.0,4.0,1.0,UWW,Aurora Spartans,True
"Agape Keyes Jr., Mikey Wildes, Zay Howard",1.88,8.0,3.0,1.0,UWW,Aurora Spartans,True
"Agape Keyes Jr., Rashad Rogers, Trent Grunewald",6.109999999999999,19.0,2.0,1.0,UWW,Aurora Spartans,True
"Agape Keyes Jr., Rashad Rogers, Tristian Lynch",2.38,5.0,-2.0,1.0,UWW,Aurora Spartans,True
"Agape Keyes Jr., Rashad Rogers, Zay Howard",1.88,8.0,3.0,1.0,UWW,Aurora Spartans,True
"Agape Keyes Jr., Trent Grunewald, Tristian Lynch",2.38,5.0,-2.0,1.0,UWW,Aurora Spartans,True
"Agape Keyes Jr., Trent Grunewald, Zay Howard",1.88,8.0,3.0,1.0,UWW,Aurora Spartans,True
"Austin Ambrose, Collin Madson, Darius Chestnut",3.31,9.0,7.0,1.0,UWW,Aurora Spartans,True
"Austin Ambrose, Collin Madson, Isaac Verges",0.21000000000000002,0.0,0.0,1.0,UWW,Aurora Spartans,True
"Austin Ambrose, Collin Madson, JR Lukenbill",0.27,0.0,0.0,1.0,UWW,Aurora Spartans,True
"Austin Ambrose, Collin Madson, Jake Quast",1.68,6.0,4.0,1.0,UWW,Aurora Spartans,True
"Austin Ambrose, Collin Madson, Joey Berezowitz",3.1,9.0,7.0,1.0,UWW,Aurora Spartans,True
"Austin Ambrose, Collin Madson, Richie Warren",1.36,3.0,3.0,1.0,UWW,Aurora Spartans,True
"Austin Ambrose, Darius Chestnut, Isaac Verges",0.21000000000000002,0.0,0.0,1.0,UWW,Aurora Spartans,True
"Austin Ambrose, Darius Chestnut, JR Lukenbill",2.4,3.0,-2.0,1.0,UWW,Aurora Spartans,True
"Austin Ambrose, Darius Chestnut, Jake Quast",7.02,13.0,2.0,1.0,UWW,Aurora Spartans,True
"Austin Ambrose, Darius Chestnut, Joey Berezowitz",8.44,16.0,5.0,1.0,UWW,Aurora Spartans,True
"Austin Ambrose, Darius Chestnut, Richie Warren",4.57,7.0,3.0,1.0,UWW,Aurora Spartans,True
"Austin Ambrose, Isaac Verges, Jake Quast",0.13,0.0,0.0,1.0,UWW,Aurora Spartans,True
"Austin Ambrose, Isaac Verges, Richie Warren",0.08,0.0,0.0,1.0,UWW,Aurora Spartans,True
"Austin Ambrose, Isaiah Robinson, Kelton McEwen",3.2800000000000002,2.0,-1.0,1.0,UWW,Aurora Spartans,True
"Austin Ambrose, Isaiah Robinson, Trent Grunewald",3.2800000000000002,2.0,-1.0,1.0,UWW,Aurora Spartans,True
"Austin Ambrose, Isaiah Robinson, Tristian Lynch",3.2800000000000002,2.0,-1.0,1.0,UWW,Aurora Spartans,True
"Austin Ambrose, JR Lukenbill, Jake Quast",4.76,8.0,-5.0,2.0,UWW,Aurora Spartans,True
"Austin Ambrose, JR Lukenbill, Joey Berezowitz",5.03,8.0,-5.0,2.0,UWW,Aurora Spartans,True
"Austin Ambrose, JR Lukenbill, Richie Warren",2.63,5.0,-3.0,1.0,UWW,Aurora Spartans,True
"Austin Ambrose, Jake Quast, Joey Berezowitz",9.52,18.0,-1.0,2.0,UWW,Aurora Spartans,True
"Austin Ambrose, Jake Quast, Richie Warren",5.84,9.0,-3.0,2.0,UWW,Aurora Spartans,True
"Austin Ambrose, Joey Berezowitz, Richie Warren",7.12,12.0,0.0,2.0,UWW,Aurora Spartans,True
"Austin Ambrose, Kelton McEwen, Trent Grunewald",3.2800000000000002,2.0,-1.0,1.0,UWW,Aurora Spartans,True
"Austin Ambrose, Kelton McEwen, Tristian Lynch",3.2800000000000002,2.0,-1.0,1.0,UWW,Aurora Spartans,True
"Austin Ambrose, Trent Grunewald, Tristian Lynch",3.2800000000000002,2.0,-1.0,1.0,UWW,Aurora Spartans,True
"Brock Marino, Collin Madson, Darius Chestnut",11.370000000000001,19.0,4.0,2.0,UWW,Aurora Spartans,True
"Brock Marino, Collin Madson, Isaac Verges",46.260000000000005,91.0,15.0,3.0,UWW,Aurora Spartans,True
"Brock Marino, Collin Madson, JR Lukenbill",36.11,72.0,7.0,3.0,UWW,Aurora Spartans,True
"Brock Marino, Collin Madson, Jake Quast",10.030000000000001,11.0,-3.0,3.0,UWW,Aurora Spartans,True
"Brock Marino, Collin Madson, Joey Berezowitz",4.25,7.0,-1.0,2.0,UWW,Aurora Spartans,True
"Brock Marino, Collin Madson, Kelton McEwen",6.9,17.0,6.0,2.0,UWW,Aurora Spartans,True
"Brock Marino, Collin Madson, Luke Bara",35.39,68.0,8.0,3.0,UWW,Aurora Spartans,True
"Brock Marino, Collin Madson, Mauryon Turner",3.04,12.0,9.0,1.0,UWW,Aurora Spartans,True
"Brock Marino, Collin Madson, Richie Warren",14.14,33.0,12.0,3.0,UWW,Aurora Spartans,True
"Brock Marino, Darius Chestnut, Isaac Verges",14.280000000000001,32.0,12.0,2.0,UWW,Aurora Spartans,True
"Brock Marino, Darius Chestnut, JR Lukenbill",11.13,26.0,8.0,3.0,UWW,Aurora Spartans,True
"Brock Marino, Darius Chestnut, Jake Quast",4.57,8.0,3.0,2.0,UWW,Aurora Spartans,True
"Brock Marino, Darius Chestnut, Joey Berezowitz",4.22,8.0,2.0,3.0,UWW,Aurora Spartans,True
"Brock Marino, Darius Chestnut, Kelton McEwen",1.86,2.0,-3.0,1.0,UWW,Aurora Spartans,True
"Brock Marino, Darius Chestnut, Luke Bara",4.71,14.0,6.0,1.0,UWW,Aurora Spartans,True
"Brock Marino, Darius Chestnut, Mauryon Turner",2.96,6.0,-1.0,1.0,UWW,Aurora Spartans,True
"Brock Marino, Darius Chestnut, Richie Warren",5.140000000000001,11.0,2.0,2.0,UWW,Aurora Spartans,True
"Brock Marino, Isaac Verges, JR Lukenbill",41.71,92.0,20.0,3.0,UWW,Aurora Spartans,True
"Brock Marino, Isaac Verges, Jake Quast",4.53,4.0,-3.0,3.0,UWW,Aurora Spartans,True
"Brock Marino, Isaac Verges, Joey Berezowitz",1.25,5.0,3.0,1.0,UWW,Aurora Spartans,True
"Brock Marino, Isaac Verges, Kelton McEwen",3.63,10.0,2.0,2.0,UWW,Aurora Spartans,True
"Brock Marino, Isaac Verges, Luke Bara",40.1,82.0,14.0,3.0,UWW,Aurora Spartans,True
"Brock Marino, Isaac Verges, Mauryon Turner",1.3800000000000001,4.0,2.0,1.0,UWW,Aurora Spartans,True
"Brock Marino, Isaac Verges, Richie Warren",9.67,25.0,10.0,2.0,UWW,Aurora Spartans,True
"Brock Marino, JR Lukenbill, Jake Quast",2.9,11.0,7.0,2.0,UWW,Aurora Spartans,True
"Brock Marino, JR Lukenbill, Joey Berezowitz",4.98,16.0,7.0,3.0,UWW,Aurora Spartans,True
"Brock Marino, JR Lukenbill, Kelton McEwen",3.83,10.0,0.0,2.0,UWW,Aurora Spartans,True
"Brock Marino, JR Lukenbill, Luke Bara",33.04,72.0,15.0,3.0,UWW,Aurora Spartans,True
"Brock Marino, JR Lukenbill, Richie Warren",3.22,10.0,2.0,1.0,UWW,Aurora Spartans,True
"Brock Marino, Jake Quast, Joey Berezowitz",7.21,20.0,10.0,3.0,UWW,Aurora Spartans,True
"Brock Marino, Jake Quast, Kelton McEwen",3.33,5.0,1.0,1.0,UWW,Aurora Spartans,True
"Brock Marino, Jake Quast, Luke Bara",6.25,15.0,6.0,2.0,UWW,Aurora Spartans,True
"Brock Marino, Jake Quast, Richie Warren",6.390000000000001,13.0,3.0,3.0,UWW,Aurora Spartans,True
"Brock Marino, Joey Berezowitz, Luke Bara",2.9,11.0,7.0,1.0,UWW,Aurora Spartans,True
"Brock Marino, Joey Berezowitz, Richie Warren",3.06,8.0,2.0,3.0,UWW,Aurora Spartans,True
"Brock Marino, Kelton McEwen, Mauryon Turner",4.62,14.0,6.0,1.0,UWW,Aurora Spartans,True
"Brock Marino, Kelton McEwen, Richie Warren",11.17,29.0,9.0,2.0,UWW,Aurora Spartans,True
"Brock Marino, Luke Bara, Mauryon Turner",1.3800000000000001,4.0,2.0,1.0,UWW,Aurora Spartans,True
"Brock Marino, Luke Bara, Richie Warren",5.23,13.0,5.0,1.0,UWW,Aurora Spartans,True
"Brock Marino, Mauryon Turner, Richie Warren",4.62,14.0,6.0,1.0,UWW,Aurora Spartans,True
"Collin Madson, Darius Chestnut, Isaac Verges",9.5,18.0,6.0,1.0,UWW,Aurora Spartans,True
"Collin Madson, Darius Chestnut, JR Lukenbill",10.31,22.0,6.0,2.0,UWW,Aurora Spartans,True
"Collin Madson, Darius Chestnut, Jake Quast",7.28,16.0,4.0,3.0,UWW,Aurora Spartans,True
"Collin Madson, Darius Chestnut, Joey Berezowitz",8.35,19.0,6.0,3.0,UWW,Aurora Spartans,True
"Collin Madson, Darius Chestnut, Kelton McEwen",2.52,6.0,2.0,1.0,UWW,Aurora Spartans,True
"Collin Madson, Darius Chestnut, Rashad Rogers",1.8499999999999999,2.0,-4.0,1.0,UWW,Aurora Spartans,True
"Collin Madson, Darius Chestnut, Richie Warren",6.62,18.0,11.0,2.0,UWW,Aurora Spartans,True
"Collin Madson, Isaac Verges, JR Lukenbill",37.03,75.0,12.0,3.0,UWW,Aurora Spartans,True
"Collin Madson, Isaac Verges, Jake Quast",5.79,6.0,-5.0,3.0,UWW,Aurora Spartans,True
"Collin Madson, Isaac Verges, Joey Berezowitz",1.25,5.0,3.0,1.0,UWW,Aurora Spartans,True
"Collin Madson, Isaac Verges, Kelton McEwen",0.33,0.0,-2.0,1.0,UWW,Aurora Spartans,True
"Collin Madson, Isaac Verges, Luke Bara",38.370000000000005,73.0,6.0,3.0,UWW,Aurora Spartans,True
"Collin Madson, Isaac Verges, Richie Warren",9.76,20.0,4.0,2.0,UWW,Aurora Spartans,True
"Collin Madson, JR Lukenbill, Jake Quast",3.0700000000000003,2.0,-6.0,1.0,UWW,Aurora Spartans,True
"Collin Madson, JR Lukenbill, Joey Berezowitz",5.37,7.0,-6.0,2.0,UWW,Aurora Spartans,True
"Collin Madson, JR Lukenbill, Kelton McEwen",4.93,14.0,0.0,2.0,UWW,Aurora Spartans,True
"Collin Madson, JR Lukenbill, Luke Bara",30.59,62.0,6.0,3.0,UWW,Aurora Spartans,True
"Collin Madson, JR Lukenbill, Richie Warren",9.57,19.0,-4.0,1.0,UWW,Aurora Spartans,True
"Collin Madson, Jake Quast, Joey Berezowitz",13.1,24.0,-1.0,3.0,UWW,Aurora Spartans,True
"Collin Madson, Jake Quast, Kelton McEwen",5.65,10.0,4.0,1.0,UWW,Aurora Spartans,True
"Collin Madson, Jake Quast, Luke Bara",5.3,6.0,-5.0,2.0,UWW,Aurora Spartans,True
"Collin Madson, Jake Quast, Rashad Rogers",1.8499999999999999,2.0,-4.0,1.0,UWW,Aurora Spartans,True
"Collin Madson, Jake Quast, Richie Warren",12.91,22.0,-3.0,1.0,UWW,Aurora Spartans,True
"Collin Madson, Joey Berezowitz, Kelton McEwen",2.32,5.0,3.0,1.0,UWW,Aurora Spartans,True
"Collin Madson, Joey Berezowitz, Luke Bara",0.87,0.0,-2.0,1.0,UWW,Aurora Spartans,True
"Collin Madson, Joey Berezowitz, Rashad Rogers",1.8499999999999999,2.0,-4.0,1.0,UWW,Aurora Spartans,True
"Collin Madson, Joey Berezowitz, Richie Warren",9.73,18.0,1.0,2.0,UWW,Aurora Spartans,True
"Collin Madson, Kelton McEwen, Luke Bara",1.88,8.0,2.0,1.0,UWW,Aurora Spartans,True
"Collin Madson, Kelton McEwen, Mauryon Turner",3.04,12.0,9.0,1.0,UWW,Aurora Spartans,True
"Collin Madson, Kelton McEwen, Richie Warren",13.29,36.0,15.0,2.0,UWW,Aurora Spartans,True
"Collin Madson, Luke Bara, Richie Warren",10.96,26.0,3.0,2.0,UWW,Aurora Spartans,True
"Collin Madson, Mauryon Turner, Richie Warren",3.04,12.0,9.0,1.0,UWW,Aurora Spartans,True
"Darius Chestnut, Isaac Verges, JR Lukenbill",10.3,26.0,11.0,2.0,UWW,Aurora Spartans,True
"Darius Chestnut, Isaac Verges, Jake Quast",1.31,0.0,-2.0,1.0,UWW,Aurora Spartans,True
"Darius Chestnut, Isaac Verges, Kelton McEwen",0.28,0.0,0.0,1.0,UWW,Aurora Spartans,True
"Darius Chestnut, Isaac Verges, Luke Bara",4.71,14.0,6.0,1.0,UWW,Aurora Spartans,True
"Darius Chestnut, Isaac Verges, Mauryon Turner",1.3800000000000001,4.0,2.0,1.0,UWW,Aurora Spartans,True
"Darius Chestnut, Isaac Verges, Richie Warren",1.5,2.0,1.0,1.0,UWW,Aurora Spartans,True
"Darius Chestnut, JR Lukenbill, Jake Quast",3.9,12.0,2.0,2.0,UWW,Aurora Spartans,True
"Darius Chestnut, JR Lukenbill, Joey Berezowitz",5.0,12.0,-1.0,3.0,UWW,Aurora Spartans,True
"Darius Chestnut, JR Lukenbill, Kelton McEwen",2.8,6.0,2.0,2.0,UWW,Aurora Spartans,True
"Darius Chestnut, JR Lukenbill, Luke Bara",3.33,10.0,4.0,1.0,UWW,Aurora Spartans,True
"Darius Chestnut, JR Lukenbill, Rashad Rogers",1.77,9.0,4.0,1.0,UWW,Aurora Spartans,True
"Darius Chestnut, JR Lukenbill, Richie Warren",2.52,6.0,2.0,1.0,UWW,Aurora Spartans,True
"Darius Chestnut, Jake Quast, Joey Berezowitz",21.12,56.0,21.0,3.0,UWW,Aurora Spartans,True
"Darius Chestnut, Jake Quast, Rashad Rogers",9.52,28.0,9.0,1.0,UWW,Aurora Spartans,True
"Darius Chestnut, Jake Quast, Richie Warren",12.57,35.0,18.0,3.0,UWW,Aurora Spartans,True
"Darius Chestnut, Joey Berezowitz, Rashad Rogers",9.52,28.0,9.0,1.0,UWW,Aurora Spartans,True
"Darius Chestnut, Joey Berezowitz, Richie Warren",13.85,38.0,21.0,3.0,UWW,Aurora Spartans,True
"Darius Chestnut, Kelton McEwen, Mauryon Turner",1.58,2.0,-3.0,1.0,UWW,Aurora Spartans,True
"Darius Chestnut, Kelton McEwen, Rashad Rogers",0.0,0.0,0.0,1.0,UWW,Aurora Spartans,True
"Darius Chestnut, Kelton McEwen, Richie Warren",4.1,8.0,-1.0,2.0,UWW,Aurora Spartans,True
"Darius Chestnut, Luke Bara, Mauryon Turner",1.3800000000000001,4.0,2.0,1.0,UWW,Aurora Spartans,True
"Darius Chestnut, Mauryon Turner, Rashad Rogers",0.0,0.0,0.0,1.0,UWW,Aurora Spartans,True
"Darius Chestnut, Mauryon Turner, Richie Warren",1.58,2.0,-3.0,1.0,UWW,Aurora Spartans,True
"Darius Chestnut, Rashad Rogers, Richie Warren",5.9,17.0,9.0,1.0,UWW,Aurora Spartans,True
"Isaac Verges, JR Lukenbill, Jake Quast",0.52,0.0,-4.0,2.0,UWW,Aurora Spartans,True
"Isaac Verges, JR Lukenbill, Joey Berezowitz",1.25,5.0,3.0,1.0,UWW,Aurora Spartans,True
"Isaac Verges, JR Lukenbill, Kelton McEwen",3.73,10.0,0.0,2.0,UWW,Aurora Spartans,True
"Isaac Verges, JR Lukenbill, Luke Bara",32.04,64.0,8.0,3.0,UWW,Aurora Spartans,True
"Isaac Verges, JR Lukenbill, Rashad Rogers",0.37,0.0,-2.0,1.0,UWW,Aurora Spartans,True
"Isaac Verges, JR Lukenbill, Richie Warren",5.4399999999999995,13.0,0.0,1.0,UWW,Aurora Spartans,True
"Isaac Verges, Jake Quast, Kelton McEwen",0.1,0.0,-2.0,1.0,UWW,Aurora Spartans,True
"Isaac Verges, Jake Quast, Luke Bara",4.43,6.0,-3.0,2.0,UWW,Aurora Spartans,True
"Isaac Verges, Jake Quast, Rashad Rogers",0.37,0.0,-2.0,1.0,UWW,Aurora Spartans,True
"Isaac Verges, Jake Quast, Richie Warren",1.6,2.0,-6.0,1.0,UWW,Aurora Spartans,True
"Isaac Verges, Kelton McEwen, Mauryon Turner",0.0,0.0,0.0,1.0,UWW,Aurora Spartans,True
"Isaac Verges, Kelton McEwen, Rashad Rogers",0.0,0.0,0.0,1.0,UWW,Aurora Spartans,True
"Isaac Verges, Kelton McEwen, Richie Warren",3.12,10.0,2.0,1.0,UWW,Aurora Spartans,True
"Isaac Verges, Luke Bara, Mauryon Turner",1.3800000000000001,4.0,2.0,1.0,UWW,Aurora Spartans,True
"Isaac Verges, Luke Bara, Richie Warren",8.21,18.0,3.0,2.0,UWW,Aurora Spartans,True
"Isaac Verges, Mauryon Turner, Rashad Rogers",0.0,0.0,0.0,1.0,UWW,Aurora Spartans,True
"Isaac Verges, Rashad Rogers, Richie Warren",0.37,0.0,-2.0,1.0,UWW,Aurora Spartans,True
"Isaiah Robinson, Kelton McEwen, Mauryon Turner",0.93,2.0,0.0,1.0,UWW,Aurora Spartans,True
"Isaiah Robinson, Kelton McEwen, Rashad Rogers",1.42,4.0,2.0,2.0,UWW,Aurora Spartans,True
"Isaiah Robinson, Kelton McEwen, Richie Warren",0.49,2.0,2.0,1.0,UWW,Aurora Spartans,True
"Isaiah Robinson, Kelton McEwen, Trent Grunewald",3.77,4.0,1.0,1.0,UWW,Aurora Spartans,True
"Isaiah Robinson, Kelton McEwen, Tristian Lynch",3.2800000000000002,2.0,-1.0,1.0,UWW,Aurora Spartans,True
"Isaiah Robinson, Mauryon Turner, Rashad Rogers",0.93,2.0,0.0,1.0,UWW,Aurora Spartans,True
"Isaiah Robinson, Mikey Wildes, Rashad Rogers",1.85,6.0,1.0,1.0,UWW,Aurora Spartans,True
"Isaiah Robinson, Mikey Wildes, Trent Grunewald",1.85,6.0,1.0,1.0,UWW,Aurora Spartans,True
"Isaiah Robinson, Rashad Rogers, Richie Warren",0.49,2.0,2.0,1.0,UWW,Aurora Spartans,True
"Isaiah Robinson, Rashad Rogers, Trent Grunewald",4.72,13.0,1.0,1.0,UWW,Aurora Spartans,True
"Isaiah Robinson, Rashad Rogers, Tristian Lynch",2.38,5.0,-2.0,1.0,UWW,Aurora Spartans,True
"Isaiah Robinson, Richie Warren, Trent Grunewald",0.49,2.0,2.0,1.0,UWW,Aurora Spartans,True
"Isaiah Robinson, Trent Grunewald, Tristian Lynch",5.66,7.0,-3.0,1.0,UWW,Aurora Spartans,True
"JR Lukenbill, Jake Quast, Joey Berezowitz",13.969999999999999,34.0,4.0,3.0,UWW,Aurora Spartans,True
"JR Lukenbill, Jake Quast, Kelton McEwen",1.62,4.0,2.0,1.0,UWW,Aurora Spartans,True
"JR Lukenbill, Jake Quast, Luke Bara",2.9,11.0,7.0,1.0,UWW,Aurora Spartans,True
"JR Lukenbill, Jake Quast, Rashad Rogers",2.14,9.0,2.0,2.0,UWW,Aurora Spartans,True
"JR Lukenbill, Jake Quast, Richie Warren",7.6899999999999995,11.0,-9.0,1.0,UWW,Aurora Spartans,True
"JR Lukenbill, Joey Berezowitz, Kelton McEwen",1.52,4.0,4.0,1.0,UWW,Aurora Spartans,True
"JR Lukenbill, Joey Berezowitz, Luke Bara",2.9,11.0,7.0,1.0,UWW,Aurora Spartans,True
"JR Lukenbill, Joey Berezowitz, Rashad Rogers",1.77,9.0,4.0,1.0,UWW,Aurora Spartans,True
"JR Lukenbill, Joey Berezowitz, Richie Warren",7.17,11.0,-5.0,1.0,UWW,Aurora Spartans,True
"JR Lukenbill, Kelton McEwen, Luke Bara",1.88,8.0,2.0,1.0,UWW,Aurora Spartans,True
"JR Lukenbill, Kelton McEwen, Richie Warren",9.24,28.0,8.0,1.0,UWW,Aurora Spartans,True
"JR Lukenbill, Luke Bara, Richie Warren",3.78,11.0,2.0,1.0,UWW,Aurora Spartans,True
"JR Lukenbill, Rashad Rogers, Richie Warren",0.37,0.0,-2.0,1.0,UWW,Aurora Spartans,True
"Jake Quast, Joey Berezowitz, Kelton McEwen",3.84,9.0,7.0,1.0,UWW,Aurora Spartans,True
"Jake Quast, Joey Berezowitz, Luke Bara",3.77,11.0,5.0,2.0,UWW,Aurora Spartans,True
"Jake Quast, Joey Berezowitz, Rashad Rogers",9.52,28.0,9.0,1.0,UWW,Aurora Spartans,True
"Jake Quast, Joey Berezowitz, Richie Warren",23.85,52.0,12.0,3.0,UWW,Aurora Spartans,True
"Jake Quast, Kelton McEwen, Richie Warren",7.27,14.0,6.0,1.0,UWW,Aurora Spartans,True
"Jake Quast, Luke Bara, Richie Warren",1.9500000000000002,2.0,-4.0,1.0,UWW,Aurora Spartans,True
"Jake Quast, Rashad Rogers, Richie Warren",6.27,17.0,7.0,2.0,UWW,Aurora Spartans,True
"Joey Berezowitz, Kelton McEwen, Richie Warren",3.84,9.0,7.0,1.0,UWW,Aurora Spartans,True
"Joey Berezowitz, Luke Bara, Richie Warren",0.87,0.0,-2.0,1.0,UWW,Aurora Spartans,True
"Joey Berezowitz, Rashad Rogers, Richie Warren",5.9,17.0,9.0,1.0,UWW,Aurora Spartans,True
"Kelton McEwen, Luke Bara, Richie Warren",1.88,8.0,2.0,1.0,UWW,Aurora Spartans,True
"Kelton McEwen, Mauryon Turner, Rashad Rogers",0.93,2.0,0.0,2.0,UWW,Aurora Spartans,True
"Kelton McEwen, Mauryon Turner, Richie Warren",4.62,14.0,6.0,1.0,UWW,Aurora Spartans,True
"Kelton McEwen, Rashad Rogers, Richie Warren",0.49,2.0,2.0,1.0,UWW,Aurora Spartans,True
"Kelton McEwen, Rashad Rogers, Trent Grunewald",0.49,2.0,2.0,1.0,UWW,Aurora Spartans,True
"Kelton McEwen, Richie Warren, Trent Grunewald",0.49,2.0,2.0,1.0,UWW,Aurora Spartans,True
"Kelton McEwen, Trent Grunewald, Tristian Lynch",3.2800000000000002,2.0,-1.0,1.0,UWW,Aurora Spartans,True
"Mauryon Turner, Rashad Rogers, Richie Warren",0.0,0.0,0.0,1.0,UWW,Aurora Spartans,True
"Mikey Wildes, Rashad Rogers, Trent Grunewald",3.73,14.0,4.0,1.0,UWW,Aurora Spartans,True
"Mikey Wildes, Rashad Rogers, Zay Howard",1.88,8.0,3.0,1.0,UWW,Aurora Spartans,True
"Mikey Wildes, Trent Grunewald, Zay Howard",1.88,8.0,3.0,1.0,UWW,Aurora Spartans,True
"Rashad Rogers, Richie Warren, Trent Grunewald",0.49,2.0,2.0,1.0,UWW,Aurora Spartans,True
"Rashad Rogers, Trent Grunewald, Tristian Lynch",2.38,5.0,-2.0,1.0,UWW,Aurora Spartans,True
"Rashad Rogers, Trent Grunewald, Zay Howard",1.88,8.0,3.0,1.0,UWW,Aurora Spartans,True
"Adam Awender, Alex Ross, Bryden Gryzmala",0.5,0.0,3.0,1.0,Opponent,Aurora Spartans,False
"Adam Awender, Alex Ross, Gevon Grant",0.5,0.0,3.0,1.0,Opponent,Aurora Spartans,False
"Adam Awender, Alex Ross, Jeffery Hillmer",0.5,0.0,3.0,1.0,Opponent,Aurora Spartans,False
"Adam Awender, Bryden Gryzmala, Gevon Grant",0.5,0.0,3.0,1.0,Opponent,Aurora Spartans,False
"Adam Awender, Bryden Gryzmala, Jeffery Hillmer",0.5,0.0,3.0,1.0,Opponent,Aurora Spartans,False
"Adam Awender, Gevon Grant, Jeffery Hillmer",0.5,0.0,3.0,1.0,Opponent,Aurora Spartans,False
"Alex Ross, Bryden Gryzmala, Devon Richardson",1.9000000000000001,2.0,0.0,1.0,Opponent,Aurora Spartans,False
"Alex Ross, Bryden Gryzmala, Gevon Grant",1.3,2.0,3.0,1.0,Opponent,Aurora Spartans,False
"Alex Ross, Bryden Gryzmala, Isaiah Thompson",0.2,0.0,0.0,1.0,Opponent,Aurora Spartans,False
"Alex Ross, Bryden Gryzmala, Jeffery Hillmer",3.1999999999999997,9.0,0.0,1.0,Opponent,Aurora Spartans,False
"Alex Ross, Bryden Gryzmala, Juan Madrigal",4.6,13.0,-3.0,1.0,Opponent,Aurora Spartans,False
"Alex Ross, Bryden Gryzmala, Larry Carthan",3.1999999999999997,11.0,-3.0,1.0,Opponent,Aurora Spartans,False
"Alex Ross, Bryden Gryzmala, Robert Hutson",1.6,2.0,0.0,1.0,Opponent,Aurora Spartans,False
"Alex Ross, Bryden Gryzmala, Zerrick Johnson",0.3,0.0,0.0,1.0,Opponent,Aurora Spartans,False
"Alex Ross, Devon Richardson, Gevon Grant",5.1,13.0,-1.0,2.0,Opponent,Aurora Spartans,False
"Alex Ross, Devon Richardson, Jeffery Hillmer",3.9,9.0,-3.0,2.0,Opponent,Aurora Spartans,False
"Alex Ross, Devon Richardson, Juan Madrigal",1.9000000000000001,2.0,0.0,1.0,Opponent,Aurora Spartans,False
"Alex Ross, Devon Richardson, Robert Hutson",3.4,6.0,2.0,1.0,Opponent,Aurora Spartans,False
"Alex Ross, Devon Richardson, Zerrick Johnson",5.7,13.0,-1.0,2.0,Opponent,Aurora Spartans,False
"Alex Ross, Gevon Grant, Isaiah Thompson",1.5999999999999999,2.0,2.0,1.0,Opponent,Aurora Spartans,False
"Alex Ross, Gevon Grant, Jeffery Hillmer",5.7,18.0,-7.0,2.0,Opponent,Aurora Spartans,False
"Alex Ross, Gevon Grant, Juan Madrigal",4.0,13.0,-5.0,1.0,Opponent,Aurora Spartans,False
"Alex Ross, Gevon Grant, Larry Carthan",5.3,17.0,-1.0,1.0,Opponent,Aurora Spartans,False
"Alex Ross, Gevon Grant, Robert Hutson",3.0,8.0,6.0,1.0,Opponent,Aurora Spartans,False
"Alex Ross, Gevon Grant, Zerrick Johnson",6.2,17.0,3.0,2.0,Opponent,Aurora Spartans,False
"Alex Ross, Isaiah Thompson, Juan Madrigal",1.4,2.0,2.0,1.0,Opponent,Aurora Spartans,False
"Alex Ross, Isaiah Thompson, Larry Carthan",1.5999999999999999,2.0,2.0,1.0,Opponent,Aurora Spartans,False
"Alex Ross, Jeffery Hillmer, Juan Madrigal",4.0,18.0,-10.0,1.0,Opponent,Aurora Spartans,False
"Alex Ross, Jeffery Hillmer, Larry Carthan",4.0,18.0,-10.0,1.0,Opponent,Aurora Spartans,False
"Alex Ross, Jeffery Hillmer, Zerrick Johnson",3.9,9.0,-3.0,2.0,Opponent,Aurora Spartans,False
"Alex Ross, Juan Madrigal, Larry Carthan",7.8,23.0,-12.0,1.0,Opponent,Aurora Spartans,False
"Alex Ross, Juan Madrigal, Robert Hutson",3.7,3.0,-4.0,1.0,Opponent,Aurora Spartans,False
"Alex Ross, Juan Madrigal, Zerrick Johnson",1.7,1.0,-4.0,1.0,Opponent,Aurora Spartans,False
"Alex Ross, Larry Carthan, Robert Hutson",2.9,5.0,0.0,1.0,Opponent,Aurora Spartans,False
"Alex Ross, Larry Carthan, Zerrick Johnson",2.5,5.0,0.0,1.0,Opponent,Aurora Spartans,False
"Alex Ross, Robert Hutson, Zerrick Johnson",4.3,9.0,2.0,1.0,Opponent,Aurora Spartans,False
"Bryden Gryzmala, Devon Richardson, Gevon Grant",9.2,12.0,0.0,3.0,Opponent,Aurora Spartans,False
"Bryden Gryzmala, Devon Richardson, Isaiah Thompson",10.2,18.0,-2.0,2.0,Opponent,Aurora Spartans,False
"Bryden Gryzmala, Devon Richardson, Jeffery Hillmer",34.9,60.0,9.0,3.0,Opponent,Aurora Spartans,False
"Bryden Gryzmala, Devon Richardson, Juan Madrigal",34.3,54.0,1.0,3.0,Opponent,Aurora Spartans,False
"Bryden Gryzmala, Devon Richardson, Mekhi Doby",0.2,0.0,0.0,1.0,Opponent,Aurora Spartans,False
"Bryden Gryzmala, Devon Richardson, Robert Hutson",15.7,31.0,-3.0,3.0,Opponent,Aurora Spartans,False
"Bryden Gryzmala, Devon Richardson, Zerrick Johnson",29.8,45.0,1.0,3.0,Opponent,Aurora Spartans,False
"Bryden Gryzmala, Gevon Grant, Isaiah Thompson",1.5999999999999999,2.0,-2.0,1.0,Opponent,Aurora Spartans,False
"Bryden Gryzmala, Gevon Grant, Jeffery Hillmer",6.3999999999999995,9.0,10.0,2.0,Opponent,Aurora Spartans,False
"Bryden Gryzmala, Gevon Grant, Juan Madrigal",11.9,16.0,5.0,3.0,Opponent,Aurora Spartans,False
"Bryden Gryzmala, Gevon Grant, Larry Carthan",6.8,9.0,8.0,2.0,Opponent,Aurora Spartans,False
"Bryden Gryzmala, Gevon Grant, Mekhi Doby",1.2,4.0,2.0,1.0,Opponent,Aurora Spartans,False
"Bryden Gryzmala, Gevon Grant, Robert Hutson",7.9,4.0,3.0,3.0,Opponent,Aurora Spartans,False
"Bryden Gryzmala, Gevon Grant, Zerrick Johnson",3.3,5.0,1.0,1.0,Opponent,Aurora Spartans,False
"Bryden Gryzmala, Isaiah Thompson, Jeffery Hillmer",9.4,20.0,-3.0,2.0,Opponent,Aurora Spartans,False
"Bryden Gryzmala, Isaiah Thompson, Juan Madrigal",9.3,21.0,-9.0,2.0,Opponent,Aurora Spartans,False
"Bryden Gryzmala, Isaiah Thompson, Larry Carthan",1.7,5.0,-5.0,1.0,Opponent,Aurora Spartans,False
"Bryden Gryzmala, Isaiah Thompson, Mekhi Doby",2.3,4.0,0.0,1.0,Opponent,Aurora Spartans,False
"Bryden Gryzmala, Isaiah Thompson, Robert Hutson",1.1,3.0,-1.0,1.0,Opponent,Aurora Spartans,False
"Bryden Gryzmala, Isaiah Thompson, Zerrick Johnson",6.8,8.0,1.0,2.0,Opponent,Aurora Spartans,False
"Bryden Gryzmala, Jeffery Hillmer, Juan Madrigal",37.8,75.0,-4.0,3.0,Opponent,Aurora Spartans,False
"Bryden Gryzmala, Jeffery Hillmer, Larry Carthan",12.7,32.0,-11.0,2.0,Opponent,Aurora Spartans,False
"Bryden Gryzmala, Jeffery Hillmer, Mekhi Doby",3.3,6.0,2.0,1.0,Opponent,Aurora Spartans,False
"Bryden Gryzmala, Jeffery Hillmer, Robert Hutson",12.4,28.0,2.0,2.0,Opponent,Aurora Spartans,False
"Bryden Gryzmala, Jeffery Hillmer, Zerrick Johnson",33.6,55.0,1.0,3.0,Opponent,Aurora Spartans,False
"Bryden Gryzmala, Juan Madrigal, Larry Carthan",17.6,43.0,-8.0,2.0,Opponent,Aurora Spartans,False
"Bryden Gryzmala, Juan Madrigal, Mekhi Doby",2.8,10.0,3.0,1.0,Opponent,Aurora Spartans,False
"Bryden Gryzmala, Juan Madrigal, Robert Hutson",15.3,29.0,2.0,3.0,Opponent,Aurora Spartans,False
"Bryden Gryzmala, Juan Madrigal, Zerrick Johnson",25.1,36.0,-2.0,3.0,Opponent,Aurora Spartans,False
"Bryden Gryzmala, Larry Carthan, Mekhi Doby",3.2,12.0,3.0,1.0,Opponent,Aurora Spartans,False
"Bryden Gryzmala, Larry Carthan, Robert Hutson",8.8,14.0,4.0,2.0,Opponent,Aurora Spartans,False
"Bryden Gryzmala, Larry Carthan, Zerrick Johnson",7.8,15.0,0.0,2.0,Opponent,Aurora Spartans,False
"Bryden Gryzmala, Mekhi Doby, Robert Hutson",3.0,10.0,3.0,1.0,Opponent,Aurora Spartans,False
"Bryden Gryzmala, Mekhi Doby, Zerrick Johnson",3.5,8.0,2.0,1.0,Opponent,Aurora Spartans,False
"Bryden Gryzmala, Robert Hutson, Zerrick Johnson",10.1,20.0,-1.0,2.0,Opponent,Aurora Spartans,False
"Cullen Rauls, Devon Richardson, Gevon Grant",7.5,10.0,-3.0,1.0,Opponent,Aurora Spartans,False
"Cullen Rauls, Devon Richardson, Jeffery Hillmer",10.4,10.0,-12.0,1.0,Opponent,Aurora Spartans,False
"Cullen Rauls, Devon Richardson, Juan Madrigal",3.2,3.0,-6.0,1.0,Opponent,Aurora Spartans,False
"Cullen Rauls, Devon Richardson, Larry Carthan",3.0,2.0,-5.0,1.0,Opponent,Aurora Spartans,False
"Cullen Rauls, Devon Richardson, Mekhi Doby",4.1,3.0,-8.0,1.0,Opponent,Aurora Spartans,False
"Cullen Rauls, Devon Richardson, Robert Hutson",1.4,2.0,2.0,1.0,Opponent,Aurora Spartans,False
"Cullen Rauls, Devon Richardson, Zerrick Johnson",1.6,0.0,-4.0,1.0,Opponent,Aurora Spartans,False
"Cullen Rauls, Gevon Grant, Jeffery Hillmer",7.5,10.0,-3.0,1.0,Opponent,Aurora Spartans,False
"Cullen Rauls, Gevon Grant, Juan Madrigal",3.3,7.0,-2.0,1.0,Opponent,Aurora Spartans,False
"Cullen Rauls, Gevon Grant, Larry Carthan",10.1,18.0,-6.0,1.0,Opponent,Aurora Spartans,False
"Cullen Rauls, Gevon Grant, Mekhi Doby",6.9,15.0,1.0,1.0,Opponent,Aurora Spartans,False
"Cullen Rauls, Gevon Grant, Robert Hutson",8.5,18.0,1.0,1.0,Opponent,Aurora Spartans,False
"Cullen Rauls, Isaiah Thompson, Jeffery Hillmer",1.0,2.0,0.0,1.0,Opponent,Aurora Spartans,False
"Cullen Rauls, Isaiah Thompson, Juan Madrigal",1.3,4.0,2.0,1.0,Opponent,Aurora Spartans,False
"Cullen Rauls, Isaiah Thompson, Larry Carthan",1.3,4.0,2.0,1.0,Opponent,Aurora Spartans,False
"Cullen Rauls, Isaiah Thompson, Zerrick Johnson",0.3,2.0,2.0,1.0,Opponent,Aurora Spartans,False
"Cullen Rauls, Jeffery Hillmer, Juan Madrigal",5.8,9.0,-6.0,1.0,Opponent,Aurora Spartans,False
"Cullen Rauls, Jeffery Hillmer, Larry Carthan",6.3,8.0,-5.0,1.0,Opponent,Aurora Spartans,False
"Cullen Rauls, Jeffery Hillmer, Mekhi Doby",6.4,7.0,-8.0,1.0,Opponent,Aurora Spartans,False
"Cullen Rauls, Jeffery Hillmer, Robert Hutson",1.4,2.0,2.0,1.0,Opponent,Aurora Spartans,False
"Cullen Rauls, Jeffery Hillmer, Zerrick Johnson",2.3,0.0,-4.0,1.0,Opponent,Aurora Spartans,False
"Cullen Rauls, Juan Madrigal, Larry Carthan",4.3,12.0,1.0,1.0,Opponent,Aurora Spartans,False
"Cullen Rauls, Juan Madrigal, Mekhi Doby",2.9000000000000004,4.0,-5.0,1.0,Opponent,Aurora Spartans,False
"Cullen Rauls, Juan Madrigal, Robert Hutson",1.4,4.0,-1.0,1.0,Opponent,Aurora Spartans,False
"Cullen Rauls, Juan Madrigal, Zerrick Johnson",0.3,2.0,2.0,1.0,Opponent,Aurora Spartans,False
"Cullen Rauls, Larry Carthan, Mekhi Doby",8.0,16.0,0.0,1.0,Opponent,Aurora Spartans,False
"Cullen Rauls, Larry Carthan, Robert Hutson",7.1,16.0,-1.0,1.0,Opponent,Aurora Spartans,False
"Cullen Rauls, Larry Carthan, Zerrick Johnson",1.0,2.0,2.0,1.0,Opponent,Aurora Spartans,False
"Cullen Rauls, Mekhi Doby, Robert Hutson",5.7,12.0,0.0,1.0,Opponent,Aurora Spartans,False
"Cullen Rauls, Mekhi Doby, Zerrick Johnson",2.3,0.0,-4.0,1.0,Opponent,Aurora Spartans,False
"Devon Richardson, Gevon Grant, Isaiah Thompson",7.8,16.0,7.0,2.0,Opponent,Aurora Spartans,False
"Devon Richardson, Gevon Grant, Jeffery Hillmer",50.6,94.0,-1.0,4.0,Opponent,Aurora Spartans,False
"Devon Richardson, Gevon Grant, Juan Madrigal",44.699999999999996,83.0,11.0,4.0,Opponent,Aurora Spartans,False
"Devon Richardson, Gevon Grant, Larry Carthan",3.0,2.0,-5.0,1.0,Opponent,Aurora Spartans,False
"Devon Richardson, Gevon Grant, Mekhi Doby",7.1,12.0,-4.0,1.0,Opponent,Aurora Spartans,False
"Devon Richardson, Gevon Grant, Robert Hutson",13.7,17.0,6.0,3.0,Opponent,Aurora Spartans,False
"Devon Richardson, Gevon Grant, Zerrick Johnson",30.7,62.0,5.0,4.0,Opponent,Aurora Spartans,False
"Devon Richardson, Isaiah Thompson, Jeffery Hillmer",11.1,23.0,4.0,2.0,Opponent,Aurora Spartans,False
"Devon Richardson, Isaiah Thompson, Juan Madrigal",15.9,34.0,3.0,2.0,Opponent,Aurora Spartans,False
"Devon Richardson, Isaiah Thompson, Robert Hutson",2.1,7.0,-3.0,1.0,Opponent,Aurora Spartans,False
"Devon Richardson, Isaiah Thompson, Zerrick Johnson",7.8,10.0,6.0,2.0,Opponent,Aurora Spartans,False
"Devon Richardson, Jeffery Hillmer, Juan Madrigal",62.199999999999996,109.0,5.0,4.0,Opponent,Aurora Spartans,False
"Devon Richardson, Jeffery Hillmer, Larry Carthan",3.0,2.0,-5.0,1.0,Opponent,Aurora Spartans,False
"Devon Richardson, Jeffery Hillmer, Mekhi Doby",9.2,10.0,-15.0,1.0,Opponent,Aurora Spartans,False
"Devon Richardson, Jeffery Hillmer, Robert Hutson",14.6,29.0,4.0,2.0,Opponent,Aurora Spartans,False
"Devon Richardson, Jeffery Hillmer, Zerrick Johnson",51.199999999999996,95.0,-4.0,4.0,Opponent,Aurora Spartans,False
"Devon Richardson, Juan Madrigal, Mekhi Doby",5.7,6.0,-6.0,1.0,Opponent,Aurora Spartans,False
"Devon Richardson, Juan Madrigal, Robert Hutson",13.3,22.0,3.0,3.0,Opponent,Aurora Spartans,False
"Devon Richardson, Juan Madrigal, Zerrick Johnson",45.0,77.0,7.0,4.0,Opponent,Aurora Spartans,False
"Devon Richardson, Mekhi Doby, Robert Hutson",2.7,5.0,-2.0,1.0,Opponent,Aurora Spartans,False
"Devon Richardson, Mekhi Doby, Zerrick Johnson",1.6,0.0,-4.0,1.0,Opponent,Aurora Spartans,False
"Devon Richardson, Robert Hutson, Zerrick Johnson",11.4,28.0,-3.0,2.0,Opponent,Aurora Spartans,False
"Gevon Grant, Isaiah Thompson, Jeffery Hillmer",8.3,18.0,8.0,3.0,Opponent,Aurora Spartans,False
"Gevon Grant, Isaiah Thompson, Juan Madrigal",13.399999999999999,24.0,15.0,3.0,Opponent,Aurora Spartans,False
"Gevon Grant, Isaiah Thompson, Larry Carthan",5.8,8.0,8.0,3.0,Opponent,Aurora Spartans,False
"Gevon Grant, Isaiah Thompson, Zerrick Johnson",2.3,2.0,7.0,1.0,Opponent,Aurora Spartans,False
"Gevon Grant, Jeffery Hillmer, Juan Madrigal",55.199999999999996,120.0,11.0,4.0,Opponent,Aurora Spartans,False
"Gevon Grant, Jeffery Hillmer, Larry Carthan",17.6,38.0,-5.0,3.0,Opponent,Aurora Spartans,False
"Gevon Grant, Jeffery Hillmer, Mekhi Doby",10.2,23.0,-5.0,1.0,Opponent,Aurora Spartans,False
"Gevon Grant, Jeffery Hillmer, Robert Hutson",12.4,18.0,1.0,2.0,Opponent,Aurora Spartans,False
"Gevon Grant, Jeffery Hillmer, Zerrick Johnson",33.199999999999996,81.0,-3.0,4.0,Opponent,Aurora Spartans,False
"Gevon Grant, Juan Madrigal, Larry Carthan",21.5,41.0,9.0,3.0,Opponent,Aurora Spartans,False
"Gevon Grant, Juan Madrigal, Mekhi Doby",8.5,19.0,0.0,1.0,Opponent,Aurora Spartans,False
"Gevon Grant, Juan Madrigal, Robert Hutson",15.5,18.0,8.0,3.0,Opponent,Aurora Spartans,False
"Gevon Grant, Juan Madrigal, Zerrick Johnson",31.099999999999998,70.0,11.0,4.0,Opponent,Aurora Spartans,False
"Gevon Grant, Larry Carthan, Mekhi Doby",7.7,16.0,2.0,1.0,Opponent,Aurora Spartans,False
"Gevon Grant, Larry Carthan, Robert Hutson",16.5,28.0,4.0,2.0,Opponent,Aurora Spartans,False
"Gevon Grant, Larry Carthan, Zerrick Johnson",9.2,24.0,4.0,3.0,Opponent,Aurora Spartans,False
"Gevon Grant, Mekhi Doby, Robert Hutson",9.4,20.0,-3.0,1.0,Opponent,Aurora Spartans,False
"Gevon Grant, Mekhi Doby, Zerrick Johnson",3.3,14.0,4.0,1.0,Opponent,Aurora Spartans,False
"Gevon Grant, Robert Hutson, Zerrick Johnson",7.3,13.0,1.0,1.0,Opponent,Aurora Spartans,False
"Isaiah Thompson, Jeffery Hillmer, Juan Madrigal",14.0,34.0,3.0,3.0,Opponent,Aurora Spartans,False
"Isaiah Thompson, Jeffery Hillmer, Larry Carthan",5.3,13.0,1.0,3.0,Opponent,Aurora Spartans,False
"Isaiah Thompson, Jeffery Hillmer, Mekhi Doby",2.3,4.0,0.0,1.0,Opponent,Aurora Spartans,False
"Isaiah Thompson, Jeffery Hillmer, Zerrick Johnson",4.699999999999999,6.0,2.0,2.0,Opponent,Aurora Spartans,False
"Isaiah Thompson, Juan Madrigal, Larry Carthan",7.7,17.0,5.0,3.0,Opponent,Aurora Spartans,False
"Isaiah Thompson, Juan Madrigal, Robert Hutson",2.1,7.0,-3.0,1.0,Opponent,Aurora Spartans,False
"Isaiah Thompson, Juan Madrigal, Zerrick Johnson",5.7,10.0,6.0,1.0,Opponent,Aurora Spartans,False
"Isaiah Thompson, Larry Carthan, Zerrick Johnson",0.3,2.0,2.0,1.0,Opponent,Aurora Spartans,False
"Isaiah Thompson, Mekhi Doby, Zerrick Johnson",2.3,4.0,0.0,1.0,Opponent,Aurora Spartans,False
"Isaiah Thompson, Robert Hutson, Zerrick Johnson",1.0,4.0,-2.0,1.0,Opponent,Aurora Spartans,False
"Jeffery Hillmer, Juan Madrigal, Larry Carthan",25.7,68.0,-11.0,3.0,Opponent,Aurora Spartans,False
"Jeffery Hillmer, Juan Madrigal, Mekhi Doby",11.3,23.0,-5.0,1.0,Opponent,Aurora Spartans,False
"Jeffery Hillmer, Juan Madrigal, Robert Hutson",11.1,20.0,5.0,2.0,Opponent,Aurora Spartans,False
"Jeffery Hillmer, Juan Madrigal, Zerrick Johnson",49.5,100.0,3.0,4.0,Opponent,Aurora Spartans,False
"Jeffery Hillmer, Larry Carthan, Mekhi Doby",3.2,4.0,0.0,1.0,Opponent,Aurora Spartans,False
"Jeffery Hillmer, Larry Carthan, Robert Hutson",7.3,12.0,-4.0,1.0,Opponent,Aurora Spartans,False
"Jeffery Hillmer, Larry Carthan, Zerrick Johnson",13.299999999999999,27.0,-4.0,3.0,Opponent,Aurora Spartans,False
"Jeffery Hillmer, Mekhi Doby, Robert Hutson",3.7,8.0,-3.0,1.0,Opponent,Aurora Spartans,False
"Jeffery Hillmer, Mekhi Doby, Zerrick Johnson",6.8,14.0,-2.0,1.0,Opponent,Aurora Spartans,False
"Jeffery Hillmer, Robert Hutson, Zerrick Johnson",8.8,21.0,-4.0,2.0,Opponent,Aurora Spartans,False
"Juan Madrigal, Larry Carthan, Mekhi Doby",4.5,12.0,1.0,1.0,Opponent,Aurora Spartans,False
"Juan Madrigal, Larry Carthan, Robert Hutson",13.3,22.0,-2.0,2.0,Opponent,Aurora Spartans,False
"Juan Madrigal, Larry Carthan, Zerrick Johnson",11.9,26.0,-4.0,3.0,Opponent,Aurora Spartans,False
"Juan Madrigal, Mekhi Doby, Robert Hutson",5.0,15.0,4.0,1.0,Opponent,Aurora Spartans,False
"Juan Madrigal, Mekhi Doby, Zerrick Johnson",2.2,10.0,2.0,1.0,Opponent,Aurora Spartans,False
"Juan Madrigal, Robert Hutson, Zerrick Johnson",5.1,7.0,-6.0,1.0,Opponent,Aurora Spartans,False
"Larry Carthan, Mekhi Doby, Robert Hutson",7.7,20.0,1.0,1.0,Opponent,Aurora Spartans,False
"Larry Carthan, Mekhi Doby, Zerrick Johnson",2.0,4.0,2.0,1.0,Opponent,Aurora Spartans,False
"Larry Carthan, Robert Hutson, Zerrick Johnson",6.9,9.0,-2.0,1.0,Opponent,Aurora Spartans,False
