opponent,game_date,uww_biggest_run,uww_run_uww_lineup,uww_run_opp_lineup,opponent_biggest_run,opp_run_uww_lineup,opp_run_opp_lineup,uww_largest_lead,uww_lead_uww_lineup,uww_lead_opp_lineup,opponent_largest_lead,opp_lead_uww_lineup,opp_lead_opp_lineup
Aurora Spartans,2024-11-20,12,"Carter Capstran, Collin Madson, Isaac Verges, Jameer Barker, Luke Bara","Dwayne Jervier Jr., Isaiah Davis, Joevonn McCottry, Maxwell Marius, Mekhi Doby / Dwayne Jervier Jr., Isaiah Davis, Joevonn McCottry, Maxwell Marius, Noah Butler",10,"Carter Capstran, Collin Madson, Jake Quast, Jameer Barker, Luke Bara / Collin Madson, Jake Quast, Jameer Barker, Luke Bara, Richie Warren","Dwayne Jervier Jr., Isaiah Davis, Joevonn McCottry, Maxwell Marius, Mekhi Doby",6,"Collin Madson, Isaac Verges, JT Hoytink, Jameer Barker, Richie Warren","Dwayne Jervier Jr., Isaiah Davis, Jeffery Hillmer, Joevonn McCottry, Mekhi Doby",12,"Carter Capstran, Jake Quast, Jameer Barker, Luke Bara, Richie Warren","Isaiah Davis, Jeffery Hillmer, Joevonn McCottry, Maxwell Marius, Mekhi Doby"
Averett Cougars,2024-12-14,13,"Brock Marino, JT Hoytink, Jake Quast, Joey Berezowitz, Richie Warren / Brock Marino, Isaac Verges, Jake Quast, Joey Berezowitz, Richie Warren","Bryce Shaw, D'Markus Tucker, Jamison Graves, Mason Mitchell, Timayahs Bracey / Bryce Shaw, Jamison Graves, Jason Sellars II, Mason Mitchell, Timayahs Bracey / Clay Hodges, Jackson Sellars, Jamison Graves, Jason Sellars II, Mason Mitchell",7,"Collin Madson, JT Hoytink, Jake Quast, Joey Berezowitz, Richie Warren / Carter Capstran, JT Hoytink, Jake Quast, Joey Berezowitz, Richie Warren","Jackson Sellars, Jamison Graves, Jason Sellars II, Mason Mitchell, Zach Skogen / Bryce Shaw, Jackson Sellars, Jamison Graves, Mason Mitchell, Zach Skogen",18,"Collin Madson, JT Hoytink, Jake Quast, Joey Berezowitz, Richie Warren","Jackson Sellars, Jamison Graves, Jason Sellars II, Mason Mitchell, Zach Skogen",1,"Carter Capstran, Collin Madson, Isaac Verges, Jameer Barker, Luke Bara","Clay Hodges, Jackson Sellars, Jamison Graves, Jason Sellars II, Mason Mitchell"
Carroll (WI) Pioneers,2024-11-12,6,"Carter Capstran, Collin Madson, Jake Quast, Jameer Barker, Luke Bara","Eckahelo Simpson, Erik Victorson, Jacob Naber, Justin Steinike, Kobe Simpson",7,"Collin Madson, Jake Quast, Jameer Barker, Luke Bara, Richie Warren / Isaac Verges, JT Hoytink, Jameer Barker, Luke Bara, Richie Warren","Dom Burns, Erik Victorson, Evan Bland, Justin Steinike, Lamar Smith / Dom Burns, Erik Victorson, Evan Bland, Lamar Smith, Nick Vaneekeren",8,"Carter Capstran, JT Hoytink, Jake Quast, Jameer Barker, Luke Bara","Dom Burns, Erik Victorson, Jacob Naber, Justin Steinike, Kobe Simpson",4,"Carter Capstran, JT Hoytink, Jameer Barker, Joey Berezowitz, Richie Warren","Dennis Estepp, Eckahelo Simpson, Erik Victorson, Evan Bland, Lamar Smith"
Carthage Firebirds,2024-11-30,7,"Collin Madson, JT Hoytink, Jake Quast, Joey Berezowitz, Richie Warren","AJ Johnson, AJ Williams, Colton Sigel, Griffin Daun, Ryan Johnson",12,"Carter Capstran, Collin Madson, Isaac Verges, Jameer Barker, Luke Bara / Carter Capstran, Isaac Verges, JT Hoytink, Jake Quast, Joey Berezowitz / Carter Capstran, Collin Madson, JT Hoytink, Jake Quast, Joey Berezowitz","AJ Johnson, AJ Williams, Colton Sigel, Riley Brooks, Ryan Johnson / AJ Johnson, Colton Sigel, Griffin Daun, Riley Brooks, Ryan Johnson / AJ Johnson, AJ Williams, Griffin Daun, Ryan Johnson, Tanner Lamb",3,"Carter Capstran, JT Hoytink, Jake Quast, Joey Berezowitz, Richie Warren","AJ Johnson, AJ Williams, Colton Sigel, Garrett Arnold, Ryan Johnson",14,"Collin Madson, JT Hoytink, Jake Quast, Joey Berezowitz, Richie Warren","AJ Johnson, AJ Williams, Colton Sigel, Griffin Daun, Ryan Johnson"
Coe Kohawks,2024-11-23,9,"Carter Capstran, JT Hoytink, Jake Quast, Luke Bara, Richie Warren","Bennett Sherry, Brady Klahn, Cole Hrubes, Cooper Nailor, Ryan Dolphin / Brady Klahn, Cooper Nailor, Deuce Walters, Jackson Bowman, John Steffen / Bennett Sherry, Cooper Nailor, Deuce Walters, Jackson Bowman, John Steffen",12,"Carter Capstran, Collin Madson, Isaac Verges, Jameer Barker, Luke Bara / Carter Capstran, Collin Madson, Isaac Verges, JT Hoytink, Jameer Barker","Bennett Sherry, Brady Klahn, Cole Hrubes, Cooper Nailor, Ryan Dolphin",4,"Carter Capstran, Collin Madson, JT Hoytink, Jameer Barker, Richie Warren","Brady Klahn, Cole Hrubes, Cooper Nailor, Jackson Newell, John Steffen",14,"Carter Capstran, Isaac Verges, JT Hoytink, Jake Quast, Richie Warren","Cole Hrubes, Cooper Nailor, Jackson Bowman, John Steffen, Ryan Dolphin"
Cornell College Rams,2024-11-15,8,"Carter Capstran, Collin Madson, JT Hoytink, Jameer Barker, Luke Bara / Carter Capstran, Isaac Verges, JT Hoytink, Jake Quast, Jameer Barker","Connor Barnett, Jayden Meeker, Jaylan Bradberry, Nate Jacobson, Zach Ingle / Arnav Jain, Caleb Leslie, Jayden Meeker, Nate Jacobson, Zach Ingle / Connor Barnett, Jaxson Herring, Jayden Meeker, Jaylan Bradberry, Julian Cleary / Connor Barnett, Jaxson Herring, Jayden Meeker, Nate Jacobson, Zach Ingle",7,"Carter Capstran, Collin Madson, JT Hoytink, Jameer Barker, Luke Bara","Caleb Leslie, Connor Barnett, Jayden Meeker, Jaylan Bradberry, Zach Ingle",4,"Carter Capstran, Collin Madson, JT Hoytink, Jameer Barker, Luke Bara","Connor Barnett, Jayden Meeker, Jaylan Bradberry, Nate Jacobson, Zach Ingle",11,"Carter Capstran, Collin Madson, Jake Quast, Jameer Barker, Luke Bara","Arnav Jain, Dylan Hurley, Jayden Meeker, Jaylan Bradberry, Zach Ingle"
Hope Flying Dutchmen,2024-12-06,10,"Austin Ambrose, Collin Madson, JT Hoytink, Jameer Barker, Richie Warren / Austin Ambrose, Collin Madson, JT Hoytink, Jake Quast, Jameer Barker","Brady Miller, Eli Schoonveld, Gabe Quillan, Justice Mims, Simon Neuhaus / Brady Miller, Gabe Quillan, Josh Decker, Sam Carlson, Simon Neuhaus",10,"Austin Ambrose, Collin Madson, JT Hoytink, Jameer Barker, Luke Bara / Austin Ambrose, JT Hoytink, Jake Quast, Joey Berezowitz, Luke Bara / Austin Ambrose, Jake Quast, Jameer Barker, Joey Berezowitz, Luke Bara","Ethan Crabtree, Gabe Quillan, Josh Decker, Parker Hovey, Simon Neuhaus / Gabe Quillan, Josh Decker, Justice Mims, Parker Hovey, Simon Neuhaus",18,"Austin Ambrose, Collin Madson, JT Hoytink, Jameer Barker, Luke Bara","Ethan Crabtree, Gabe Quillan, Josh Decker, Parker Hovey, Simon Neuhaus",3,"Austin Ambrose, Isaac Verges, JT Hoytink, Jake Quast, Joey Berezowitz","Ethan Crabtree, Jared Ryg, Parker Hovey, Sam Carlson, Simon Neuhaus"
Ripon Red Hawks,2024-12-31,12,"Carter Capstran, Collin Madson, Isaac Verges, Jameer Barker, Luke Bara / Brock Marino, Collin Madson, Isaac Verges, Jameer Barker, Luke Bara","CJ Brown, Cade Tackmier, Dominic Galati, Kolby Williams, Luke Meinholz / Cade Tackmier, Kolby Williams, Luke Meinholz, Michael Asman, Seth Bunders / Cade Tackmier, Jayden Fitch, Luke Meinholz, Michael Asman, Seth Bunders",8,"Carter Capstran, Collin Madson, Isaac Verges, Jameer Barker, Luke Bara / Carter Capstran, Collin Madson, JT Hoytink, Joey Berezowitz, Luke Bara","Cade Tackmier, Kolby Williams, Luke Meinholz, Michael Asman, Sam Leoni / Cade Tackmier, Kolby Williams, Luke Meinholz, Michael Asman, Seth Bunders / CJ Brown, Cade Tackmier, Dominic Galati, Kolby Williams, Luke Meinholz",20,"Carter Capstran, Collin Madson, Isaac Verges, Jameer Barker, Luke Bara","Cade Tackmier, Kolby Williams, Luke Meinholz, Michael Asman, Sam Leoni",5,"Carter Capstran, Collin Madson, Isaac Verges, Jameer Barker, Luke Bara","CJ Brown, Cade Tackmier, Dominic Galati, Kolby Williams, Luke Meinholz"
Simpson Storm,2024-12-21,9,"Collin Madson, Isaac Verges, JT Hoytink, Jameer Barker, Richie Warren / Brock Marino, Collin Madson, Isaac Verges, Jameer Barker, Luke Bara","Austin Murrow, Bo Huston, Caden Rehmeier, Cam Henderson, Colton Rasmussen / Austin Murrow, Bo Huston, Cam Henderson, Colton Rasmussen, Matt Schubert / Austin Murrow, Bo Huston, Cam Henderson, Matt Schubert, Nathaniel Winter",7,"Brock Marino, Isaac Verges, Jameer Barker, Kelton McEwen, Luke Bara","Austin Murrow, Bo Huston, Cam Henderson, Marcus Haupert, Nathaniel Winter",5,"Brock Marino, Collin Madson, Isaac Verges, Jameer Barker, Luke Bara","Austin Murrow, Bo Huston, Cam Henderson, Matt Schubert, Nathaniel Winter",22,"Brock Marino, Darius Chestnut, Kelton McEwen, Sam Mickelson, Tristian Lynch","Austin Murrow, Bo Huston, Cam Henderson, Matt Schubert, Nathaniel Winter"
St. Olaf Oles,2024-11-16,7,"Carter Capstran, Collin Madson, Jake Quast, Jameer Barker, Luke Bara / Carter Capstran, Isaac Verges, JT Hoytink, Luke Bara, Richie Warren / Brock Marino, Isaac Verges, JT Hoytink, Luke Bara, Richie Warren","AJ Uhl, Chris Willis, Dashiel Walker, Jachin Mertes, Kobe Kirk / AJ Uhl, Addison Metcalf, Chris Willis, Jachin Mertes, Kobe Kirk / AJ Uhl, Addison Metcalf, Jaxon Strinmoen, Kobe Kirk, Rex Lamb",8,"Brock Marino, Jake Quast, Jameer Barker, Joey Berezowitz, Kelton McEwen / Carter Capstran, Collin Madson, Jake Quast, Jameer Barker, Luke Bara","Chris Willis, Jachin Mertes, James Polasky, Liam Madigan, Luther Tostrud / Chris Willis, Dashiel Walker, Jachin Mertes, Kobe Kirk, Liam Roche",15,"Austin Ambrose, Collin Madson, Jake Quast, Jameer Barker, Luke Bara","Chris Willis, Dashiel Walker, Jachin Mertes, Liam Madigan, Liam Roche",2,"Carter Capstran, Collin Madson, Jake Quast, Jameer Barker, Luke Bara","Chris Willis, Dashiel Walker, Jachin Mertes, Kobe Kirk, Liam Roche"
UW-Eau Claire Blugolds,2025-01-18,9,"Austin Ambrose, Darius Chestnut, Joey Berezowitz, Kelton McEwen, Tristian Lynch","Andrew Rocksvold, Cade Kohnen, Henry Hoel, Joey Butz, Logan Ketterhagen",15,"Carter Capstran, Collin Madson, JT Hoytink, Jameer Barker, Joey Berezowitz / Carter Capstran, Collin Madson, JT Hoytink, Jake Quast, Joey Berezowitz / Collin Madson, JT Hoytink, Jake Quast, Joey Berezowitz, Richie Warren","Andre Renta, Cade Hall, Carter Huschka, Grant Paetzold, Gunnar Tebon / Andre Renta, Cade Hall, Carter Huschka, Gunnar Tebon, Michael Casper / Andre Renta, Carter Huschka, Drew Maloney, Gunnar Tebon, Michael Casper / Andre Renta, Cade Hall, Drew Maloney, Gunnar Tebon, Michael Casper / Cade Hall, Caiden Lecce, Drew Maloney, Gunnar Tebon, Michael Casper",0,"Carter Capstran, Collin Madson, Isaac Verges, Jake Quast, Luke Bara","Andre Renta, Cade Hall, Carter Huschka, Carter Lichtsinn, Michael Casper",39,"Brock Marino, Darius Chestnut, Joey Berezowitz, Kelton McEwen, Richie Warren","Andrew Rocksvold, Cade Kohnen, Henry Hoel, Joey Butz, Logan Ketterhagen"
UW-Eau Claire Blugolds,2025-02-22,8,"Carter Capstran, Collin Madson, Isaac Verges, Luke Bara, Richie Warren","Andre Renta, Cade Hall, Carter Huschka, Carter Lichtsinn, Michael Casper",7,"Carter Capstran, Darius Chestnut, Isaac Verges, Jake Quast, Luke Bara / Carter Capstran, Jake Quast, Joey Berezowitz, Kelton McEwen, Luke Bara / Carter Capstran, Isaac Verges, Jake Quast, Joey Berezowitz, Kelton McEwen","Andre Renta, Carter Huschka, Drew Maloney, Gunnar Tebon, Michael Casper",25,"Carter Capstran, Darius Chestnut, Isaac Verges, Jake Quast, Luke Bara","Andre Renta, Carter Huschka, Drew Maloney, Gunnar Tebon, Michael Casper",2,"Carter Capstran, Collin Madson, Isaac Verges, Luke Bara, Richie Warren","Andre Renta, Cade Hall, Carter Huschka, Carter Lichtsinn, Michael Casper"
UW-La Crosse Eagles,2025-01-25,8,"Carter Capstran, Collin Madson, Jake Quast, Jameer Barker, Luke Bara / Carter Capstran, Collin Madson, Isaac Verges, JT Hoytink, Jameer Barker / Carter Capstran, Collin Madson, JT Hoytink, Jameer Barker, Richie Warren","Dustin Derousseau, JJ Paider, Karter Thomas, Sam Grieger, Will Fuhrmann / Dustin Derousseau, Griffin Ginder, Julian Hodges, Sam Grieger, Torin Hannah / Griffin Ginder, Julian Hodges, Karter Thomas, Khris Green, Torin Hannah / Dustin Derousseau, Griffin Ginder, Karter Thomas, Khris Green, Sam Grieger",6,"Carter Capstran, Collin Madson, JT Hoytink, Jake Quast, Luke Bara","Dustin Derousseau, Karter Thomas, Mack Sebert, Sam Grieger, Torin Hannah / Dustin Derousseau, Griffin Ginder, Karter Thomas, Sam Grieger, Torin Hannah",3,"Carter Capstran, Collin Madson, Jake Quast, Jameer Barker, Luke Bara","Dustin Derousseau, JJ Paider, Karter Thomas, Sam Grieger, Will Fuhrmann",12,"Carter Capstran, Collin Madson, Jake Quast, Jameer Barker, Luke Bara","Dustin Derousseau, JJ Paider, Karter Thomas, Sam Grieger, Will Fuhrmann"
UW-La Crosse Eagles,2025-02-12,7,"Carter Capstran, Collin Madson, Isaac Verges, Luke Bara, Richie Warren / Carter Capstran, JT Hoytink, Jake Quast, Luke Bara, Richie Warren / Carter Capstran, Darius Chestnut, JT Hoytink, Jake Quast, Richie Warren / Brock Marino, Darius Chestnut, JT Hoytink, Jake Quast, Richie Warren / Brock Marino, Collin Madson, Darius Chestnut, JT Hoytink, Jake Quast","JJ Paider, Julian Hodges, Karter Thomas, Sam Grieger, Torin Hannah / Griffin Ginder, Karter Thomas, Khris Green, Sam Grieger, Torin Hannah / Dustin Derousseau, Griffin Ginder, Khris Green, Sam Grieger, Will Fuhrmann / Dustin Derousseau, JJ Paider, Karter Thomas, Sam Grieger, Will Fuhrmann",10,"Carter Capstran, Collin Madson, Isaac Verges, Jake Quast, Luke Bara / Carter Capstran, Collin Madson, Isaac Verges, Luke Bara, Richie Warren","Dustin Derousseau, JJ Paider, Karter Thomas, Sam Grieger, Will Fuhrmann / Dustin Derousseau, JJ Paider, Julian Hodges, Karter Thomas, Sam Grieger / JJ Paider, Julian Hodges, Karter Thomas, Sam Grieger, Torin Hannah",2,"Carter Capstran, Collin Madson, Isaac Verges, Jake Quast, Luke Bara","Dustin Derousseau, JJ Paider, Karter Thomas, Sam Grieger, Will Fuhrmann",16,"Carter Capstran, Collin Madson, Isaac Verges, JT Hoytink, Luke Bara","Dustin Derousseau, JJ Paider, Karter Thomas, Sam Grieger, Torin Hannah"
UW-Oshkosh Titans,2025-01-15,8,"Carter Capstran, Collin Madson, Isaac Verges, Jake Quast, Luke Bara","Carter Thomas, Joey LaChapell, Jonah Rindfleisch, Max Tutas, Reed Seckar / Carter Thomas, Joey LaChapell, Jonah Rindfleisch, Reed Seckar, Will Murray",9,"Brock Marino, Collin Madson, Darius Chestnut, JT Hoytink, Joey Berezowitz / Brock Marino, Collin Madson, Darius Chestnut, Joey Berezowitz, Luke Bara","Carter Thomas, Joey LaChapell, Jonah Rindfleisch, Max Tutas, Reed Seckar",11,"Carter Capstran, Collin Madson, Isaac Verges, Jake Quast, Luke Bara","Brandon Beck, Joey LaChapell, Max Tutas, Reed Seckar, Tristan Johanknecht",6,"Carter Capstran, Collin Madson, Isaac Verges, Jake Quast, Luke Bara","Carter Thomas, Joey LaChapell, Jonah Rindfleisch, Reed Seckar, Will Murray"
UW-Oshkosh Titans,2025-02-05,8,"Austin Ambrose, Collin Madson, Darius Chestnut, Joey Berezowitz, Richie Warren / Austin Ambrose, Collin Madson, Joey Berezowitz, Luke Bara, Richie Warren / Austin Ambrose, Jake Quast, Joey Berezowitz, Luke Bara, Richie Warren","Brandon Beck, Carter Thomas, Jonah Rindfleisch, Matt Imig, Nate Nazos / Carter Thomas, Jonah Rindfleisch, Matt Imig, Max Tutas, Nate Nazos / Carter Thomas, Joey LaChapell, Joseph Adamson, Max Tutas, Nate Nazos / Carter Thomas, Joey LaChapell, Joseph Adamson, Max Tutas, Reed Seckar / Brandon Beck, Carter Thomas, Joey LaChapell, Joseph Adamson, Reed Seckar",14,"Carter Capstran, Collin Madson, Isaac Verges, Jake Quast, Luke Bara / Carter Capstran, Collin Madson, JT Hoytink, Jake Quast, Luke Bara / Carter Capstran, Collin Madson, Darius Chestnut, Joey Berezowitz, Richie Warren","Brandon Beck, Carter Thomas, Joey LaChapell, Jonah Rindfleisch, Reed Seckar / Brandon Beck, Carter Thomas, Joey LaChapell, Matt Imig, Tristan Johanknecht",2,"Carter Capstran, Collin Madson, Isaac Verges, Jake Quast, Luke Bara","Brandon Beck, Carter Thomas, Joey LaChapell, Jonah Rindfleisch, Reed Seckar",12,"Carter Capstran, Collin Madson, Darius Chestnut, Joey Berezowitz, Richie Warren","Brandon Beck, Carter Thomas, Joey LaChapell, Matt Imig, Tristan Johanknecht"
UW-Platteville Pioneers,2025-01-22,12,"Carter Capstran, Collin Madson, Jake Quast, Jameer Barker, Luke Bara","Ben Probst, Brady Olson, Joey Fuhremann, Logan Pearson, Max Love / Aiden Wieczorek, Brady Olson, Bristol Lewis, Max Love, Miles Hettinger",8,"Brock Marino, Collin Madson, Isaac Verges, Jameer Barker, Luke Bara","Aiden Wieczorek, Brady Olson, Bristol Lewis, Logan Pearson, Miles Hettinger / Aiden Wieczorek, Ben Probst, Bristol Lewis, Joey Fuhremann, Max Love",17,"Carter Capstran, Isaac Verges, Jake Quast, Jameer Barker, Joey Berezowitz","Ben Probst, Brady Olson, Bristol Lewis, Joey Fuhremann, Logan Pearson",4,"Carter Capstran, Collin Madson, Isaac Verges, Jameer Barker, Luke Bara","Aiden Wieczorek, Brady Olson, Bristol Lewis, Max Love, Miles Hettinger"
UW-Platteville Pioneers,2025-02-19,11,"Carter Capstran, Collin Madson, Isaac Verges, Luke Bara, Richie Warren / Carter Capstran, Collin Madson, JT Hoytink, Luke Bara, Richie Warren / Carter Capstran, JT Hoytink, Jake Quast, Luke Bara, Richie Warren / Carter Capstran, JT Hoytink, Joey Berezowitz, Luke Bara, Richie Warren","Aiden Wieczorek, Bristol Lewis, Logan Pearson, Max Love, Miles Hettinger / Ben Probst, Brady Olson, Joey Fuhremann, Logan Pearson, Lucas Rameker / Ben Probst, Brady Olson, Joey Fuhremann, Lucas Rameker, Max Love / Aiden Wieczorek, Brady Olson, Bristol Lewis, Joey Fuhremann, Max Love / Ben Probst, Brady Olson, Joey Fuhremann, Logan Pearson, Max Love",7,"Brock Marino, Isaac Verges, JT Hoytink, Luke Bara, Richie Warren / Brock Marino, Darius Chestnut, Isaac Verges, Jake Quast, Joey Berezowitz","Aiden Wieczorek, Ben Probst, Brady Olson, Bristol Lewis, Miles Hettinger / Aiden Wieczorek, Bristol Lewis, Logan Pearson, Max Love, Miles Hettinger",4,"Carter Capstran, Darius Chestnut, Jake Quast, Joey Berezowitz, Luke Bara","Aiden Wieczorek, Brady Olson, Bristol Lewis, Max Love, Miles Hettinger",16,"Carter Capstran, Collin Madson, Jake Quast, Luke Bara, Richie Warren","Aiden Wieczorek, Brady Olson, Bristol Lewis, Joey Fuhremann, Logan Pearson"
UW-River Falls Falcons,2025-01-04,11,"Austin Ambrose, JT Hoytink, Jake Quast, Joey Berezowitz, Richie Warren","Dylan Parker, Gavin Ralph, Jack Leifker, Jacob Butler, Jeremy Wanguhu",13,"Austin Ambrose, Collin Madson, Darius Chestnut, JT Hoytink, Jake Quast / Carter Capstran, Collin Madson, Darius Chestnut, Jake Quast, Jameer Barker / Carter Capstran, Collin Madson, Darius Chestnut, Isaac Verges, Jameer Barker / Carter Capstran, Collin Madson, Isaac Verges, Jameer Barker, Luke Bara / Carter Capstran, Isaac Verges, Jameer Barker, Luke Bara, Richie Warren","Drew Adams, Dylan Parker, Mason Anderson, Micah Thompson, Zac Johnson / Drew Adams, Gavin Ralph, Micah Thompson, Regan Merritt, Zac Johnson / Gavin Ralph, Jack Leifker, Micah Thompson, Regan Merritt, Zac Johnson",21,"Austin Ambrose, Collin Madson, Darius Chestnut, JT Hoytink, Jake Quast","Drew Adams, Dylan Parker, Mason Anderson, Micah Thompson, Zac Johnson",2,"Carter Capstran, Collin Madson, Isaac Verges, Jameer Barker, Luke Bara","Drew Adams, Gavin Ralph, Jack Leifker, Regan Merritt, Zac Johnson"
UW-River Falls Falcons,2025-02-15,6,"Brock Marino, Darius Chestnut, Isaac Verges, Jake Quast, Joey Berezowitz / Brock Marino, Carter Capstran, Collin Madson, Isaac Verges, Joey Berezowitz","Gavin Ralph, Jack Leifker, Micah Thompson, Regan Merritt, Zac Johnson / Gavin Ralph, Jack Leifker, Jacob Butler, Regan Merritt, Zac Johnson",8,"Carter Capstran, Isaac Verges, Joey Berezowitz, Luke Bara, Richie Warren / Carter Capstran, Collin Madson, Isaac Verges, Luke Bara, Richie Warren","Dylan Parker, Jack Leifker, Micah Thompson, Regan Merritt, Sean Sullivan / Drew Adams, Dylan Parker, Jack Leifker, Regan Merritt, Sean Sullivan / Drew Adams, Jack Leifker, Jeremy Wanguhu, Regan Merritt, Sean Sullivan",10,"Carter Capstran, Collin Madson, Jake Quast, Joey Berezowitz, Luke Bara","Bennett Wright, Drew Adams, Mateo Renta, Riley Ashburn, Sean Sullivan",11,"Carter Capstran, Collin Madson, Isaac Verges, Luke Bara, Richie Warren","Drew Adams, Jack Leifker, Jeremy Wanguhu, Regan Merritt, Sean Sullivan"
UW-Stevens Point Pointers,2025-01-08,11,"Collin Madson, JT Hoytink, Joey Berezowitz, Luke Bara, Richie Warren","Carter Combs, Darrius Bolden, Josiah Butler, Malik Abdul-Wahid, Seth Miron / Darrius Bolden, Josiah Butler, Logan Baumgartner, Malik Abdul-Wahid, Seth Miron",12,"Carter Capstran, Collin Madson, Joey Berezowitz, Luke Bara, Richie Warren / Carter Capstran, Collin Madson, Jameer Barker, Joey Berezowitz, Luke Bara / Carter Capstran, Collin Madson, Jameer Barker, Joey Berezowitz, Kelton McEwen","Cal Krohn, Carter Combs, Josiah Butler, Malik Abdul-Wahid, Seth Miron",2,"Carter Capstran, Collin Madson, Isaac Verges, Jameer Barker, Luke Bara","Cal Krohn, Darrius Bolden, Josiah Butler, Malik Abdul-Wahid, Seth Miron",21,"Carter Capstran, Collin Madson, Jameer Barker, Joey Berezowitz, Kelton McEwen","Cal Krohn, Carter Combs, Josiah Butler, Malik Abdul-Wahid, Seth Miron"
UW-Stevens Point Pointers,2025-01-29,7,"Brock Marino, Darius Chestnut, Isaac Verges, Joey Berezowitz, Kelton McEwen / Brock Marino, Darius Chestnut, Isaac Verges, JT Hoytink, Kelton McEwen / Brock Marino, Darius Chestnut, JT Hoytink, Kelton McEwen, Tristian Lynch","Blake Kortz, Carter Combs, Ethan Hoelzel, Grant Manz, Seth Miron / Blake Kortz, Ethan Hoelzel, Grant Manz, James Jacobs, Seth Miron / Blake Kortz, Ethan Hoelzel, Jack Hutchinson, James Jacobs, Seth Miron",14,"Carter Capstran, JT Hoytink, Jake Quast, Luke Bara, Richie Warren / Brock Marino, Collin Madson, JT Hoytink, Luke Bara, Richie Warren / Carter Capstran, Collin Madson, Jake Quast, Jameer Barker, Luke Bara","Cal Krohn, Carter Combs, Darrius Bolden, Grant Manz, Logan Baumgartner / Carter Combs, Darrius Bolden, Grant Manz, Logan Baumgartner, Seth Miron / Carter Combs, Josiah Butler, Logan Baumgartner, Seth Miron, Tyshawn Teague-Johnson / Cal Krohn, Carter Combs, Josiah Butler, Seth Miron, Tyshawn Teague-Johnson / Cal Krohn, Josiah Butler, Logan Baumgartner, Seth Miron, Tyshawn Teague-Johnson",3,"Carter Capstran, Collin Madson, Jake Quast, Jameer Barker, Luke Bara","Cal Krohn, Josiah Butler, Malik Abdul-Wahid, Seth Miron, Tyshawn Teague-Johnson",33,"Darius Chestnut, Isaac Verges, Joey Berezowitz, Kelton McEwen, Richie Warren","Darrius Bolden, Ethan Hoelzel, Josiah Butler, Malik Abdul-Wahid, Tyshawn Teague-Johnson"
UW-Stevens Point Pointers,2025-02-24,12,"Carter Capstran, Collin Madson, Isaac Verges, Luke Bara, Richie Warren","Cal Krohn, Darrius Bolden, Josiah Butler, Malik Abdul-Wahid, Seth Miron / Cal Krohn, Carter Combs, Darrius Bolden, Malik Abdul-Wahid, Seth Miron / Cal Krohn, Carter Combs, Josiah Butler, Malik Abdul-Wahid, Seth Miron",12,"Carter Capstran, Collin Madson, Isaac Verges, Luke Bara, Richie Warren","Cal Krohn, Carter Combs, Josiah Butler, Malik Abdul-Wahid, Seth Miron / Cal Krohn, Carter Combs, Darrius Bolden, Josiah Butler, Malik Abdul-Wahid",3,"Carter Capstran, Collin Madson, Isaac Verges, Luke Bara, Richie Warren","Cal Krohn, Darrius Bolden, Josiah Butler, Malik Abdul-Wahid, Seth Miron",26,"Carter Capstran, Darius Chestnut, Jake Quast, Kelton McEwen, Richie Warren","Blake Kortz, Cal Krohn, Carter Combs, Josiah Butler, Malik Abdul-Wahid"
UW-Stout Blue Devils,2025-01-11,7,"Carter Capstran, Collin Madson, Isaac Verges, JT Hoytink, Joey Berezowitz / Brock Marino, Collin Madson, Darius Chestnut, JT Hoytink, Joey Berezowitz","Brenden Weis, Collin Vick, Jackson Wilhelmson, Mason Stoik, Nolan Stauffacher / AJ Uttech, Brenden Weis, Domanyck Schwarzenberger, Jacob Walczak, Nolan Stauffacher",8,"Brock Marino, Collin Madson, Isaac Verges, Jameer Barker, Luke Bara","Brenden Weis, Collin Vick, Jacob Walczak, Justin Nelson, Mason Stoik",6,"Austin Ambrose, Collin Madson, Jameer Barker, Joey Berezowitz, Richie Warren","AJ Uttech, Colin Hudson, Domanyck Schwarzenberger, Justin Nelson, Mason Stoik",7,"Carter Capstran, Collin Madson, Isaac Verges, JT Hoytink, Joey Berezowitz","Brenden Weis, Collin Vick, Jackson Wilhelmson, Mason Stoik, Nolan Stauffacher"
UW-Stout Blue Devils,2025-02-08,11,"Carter Capstran, Collin Madson, Isaac Verges, Luke Bara, Richie Warren / Carter Capstran, Darius Chestnut, JT Hoytink, Joey Berezowitz, Richie Warren / Brock Marino, Darius Chestnut, JT Hoytink, Joey Berezowitz, Richie Warren","Colin Hudson, Collin Vick, Jacob Walczak, Justin Nelson, Mason Stoik / AJ Uttech, Colin Hudson, Domanyck Schwarzenberger, Justin Nelson, Mason Stoik",7,"Carter Capstran, Collin Madson, JT Hoytink, Luke Bara, Richie Warren / Carter Capstran, Darius Chestnut, JT Hoytink, Luke Bara, Richie Warren","Brenden Weis, Collin Vick, Jackson Wilhelmson, Jacob Walczak, Justin Nelson / Brenden Weis, Collin Vick, Jacob Walczak, Justin Nelson, Mason Stoik",26,"Carter Capstran, Collin Madson, JT Hoytink, Luke Bara, Richie Warren","Brenden Weis, Collin Vick, Jackson Wilhelmson, Jacob Walczak, Justin Nelson",2,"Carter Capstran, Collin Madson, Isaac Verges, Jake Quast, Luke Bara","AJ Uttech, Brenden Weis, Cade LaFavor, Collin Vick, Jacob Walczak"
Virginia Wesleyan Marlins,2024-12-15,8,"Brock Marino, Collin Madson, Jake Quast, Joey Berezowitz, Luke Bara / Brock Marino, Collin Madson, Joey Berezowitz, Luke Bara, Richie Warren","Jeremiah Boateng, Khai Seargeant, Omari Deveaux, Paul Anderson, T.J. East / Amari Moorer, Jeremiah Boateng, Khai Seargeant, Omari Deveaux, T.J. East",9,"Carter Capstran, Isaac Verges, Jake Quast, Joey Berezowitz, Richie Warren / Carter Capstran, Isaac Verges, Jake Quast, Jameer Barker, Richie Warren / Carter Capstran, Collin Madson, Isaac Verges, Jameer Barker, Richie Warren / Carter Capstran, Collin Madson, Isaac Verges, Jake Quast, Jameer Barker","Amari Moorer, Amarion Wilson, Khai Seargeant, Omari Deveaux, Paul Anderson / Amari Moorer, Amarion Wilson, Elijah Gardner, Khai Seargeant, Paul Anderson / Amari Moorer, Amarion Wilson, Demeir Pollard, Elijah Gardner, Paul Anderson / Amari Moorer, Amarion Wilson, Demeir Pollard, Omari Deveaux, Paul Anderson",5,"Carter Capstran, Isaac Verges, Jake Quast, Joey Berezowitz, Richie Warren","Amari Moorer, Amarion Wilson, Khai Seargeant, Omari Deveaux, Paul Anderson",5,"Brock Marino, Collin Madson, Jake Quast, Joey Berezowitz, Luke Bara","Jeremiah Boateng, Khai Seargeant, Omari Deveaux, Paul Anderson, T.J. East"
